"","p_val","avg_logFC","pct.1","pct.2","p_val_adj"
"G0S2",0,1.87068836602807,0.523,0.168,0
"CXCL8",0,1.78560585517458,0.489,0.24,0
"CXCR2",0,1.57528916456473,0.582,0.171,0
"PTGS2",0,1.36349012103654,0.262,0.058,0
"FCGR3B",0,1.34456324209127,0.604,0.175,0
"CSF3R",0,1.34383302038465,0.76,0.455,0
"JUNB",0,1.30728213788503,0.863,0.746,0
"RGS2",0,1.24468583489385,0.695,0.461,0
"CMTM2",0,1.24176098482013,0.333,0.084,0
"TREM1",0,1.20193766246792,0.432,0.211,0
"DUSP1",0,1.16249417701607,0.698,0.495,0
"IER2",0,1.15142817100837,0.546,0.364,0
"ALDH1A2",0,1.14895297212554,0.265,0.086,0
"NAMPT",0,1.14458493112906,0.753,0.534,0
"YPEL3",0,1.1315152663256,0.682,0.415,0
"SEC14L1",0,1.1206789094077,0.467,0.264,0
"BASP1",0,1.07659648383669,0.627,0.333,0
"CXCR1",0,1.06862746391144,0.367,0.123,0
"FAM129A",0,1.04519477130209,0.533,0.349,0
"MME",0,1.03260489203367,0.274,0.083,0
"CPPED1",0,1.01555069839238,0.39,0.239,0
"AC023157.3",0,1.01081229075473,0.177,0.046,0
"TNFRSF10C",0,1.00165075213644,0.262,0.092,0
"AC012368.1",0,0.974681755277533,0.194,0.046,0
"EPHB1",0,0.971846968487367,0.172,0.036,0
"PHOSPHO1",0,0.967307512546171,0.158,0.014,0
"IFITM2",0,0.945680241148225,0.892,0.826,0
"SOD2",0,0.941072348599247,0.633,0.394,0
"SLC25A37",0,0.935183069271775,0.626,0.396,0
"ICAM3",0,0.933051391594339,0.439,0.27,0
"MNDA",0,0.91470196994898,0.709,0.492,0
"MBOAT7",0,0.914242696717373,0.499,0.326,0
"AC007342.3",0,0.906507635108845,0.205,0.067,0
"CYP4F3",0,0.905973834685816,0.231,0.081,0
"CSF2RB",0,0.885348029340954,0.352,0.202,0
"ITM2B",0,0.88053282685775,0.85,0.692,0
"MYO1F",0,0.878943361298639,0.653,0.516,0
"ABTB1",0,0.872972415846189,0.313,0.159,0
"SRGN",0,0.869311469231994,0.879,0.773,0
"LST1",0,0.868915891106717,0.451,0.304,0
"MMP25",0,0.863514382723704,0.276,0.12,0
"IL1R2",0,0.861092248199697,0.345,0.173,0
"VMP1",0,0.858801969757108,0.461,0.336,0
"JAML",0,0.858762317338401,0.443,0.289,0
"FPR1",0,0.851466420315374,0.62,0.433,0
"XPO6",0,0.843761848500471,0.505,0.335,0
"ARHGAP9",0,0.841139730493981,0.517,0.353,0
"FOS",0,0.834878027922907,0.761,0.639,0
"TAGLN2",0,0.833425507625534,0.66,0.589,0
"TMEM154",0,0.833382546506047,0.368,0.209,0
"BCL2A1",0,0.833367004271443,0.509,0.368,0
"CHI3L1",0,0.824584020984101,0.165,0.04,0
"MT-RNR1",0,0.82332199571022,0.928,0.843,0
"RNF149",0,0.822444681905762,0.688,0.529,0
"SORL1",0,0.814806012711507,0.55,0.366,0
"BTG2",0,0.811952081079271,0.51,0.394,0
"CEBPB",0,0.8103463998919,0.563,0.433,0
"LITAF",0,0.803778104911232,0.738,0.598,0
"PROK2",0,0.77767219503946,0.316,0.15,0
"SAT1",0,0.77622725221661,0.74,0.593,0
"LSP1",0,0.774176072703705,0.681,0.519,0
"AQP9",0,0.767145398478577,0.474,0.319,0
"R3HDM4",0,0.762507981299212,0.498,0.374,0
"MT-RNR2",0,0.760115588967864,1,0.999,0
"GCA",0,0.740321705786295,0.576,0.364,0
"PNRC1",0,0.734599516500577,0.621,0.465,0
"C5AR1",0,0.733712368178963,0.637,0.482,0
"SMCHD1",0,0.727514648313766,0.556,0.438,0
"SMAP2",0,0.726626781033543,0.705,0.621,0
"VNN2",0,0.702212585556349,0.486,0.329,0
"NEAT1",0,0.697425292344151,0.74,0.633,0
"RIPOR2",0,0.607798570777458,0.79,0.697,0
"MCL1",0,0.604345797717538,0.717,0.643,0
"TYROBP",0,0.602602172882095,0.763,0.6,0
"LYN",0,0.594497294217588,0.641,0.539,0
"GMFG",0,0.579537675379991,0.608,0.526,0
"WAS",0,0.575947283715463,0.656,0.595,0
"HLA-C",0,0.545190116010405,0.964,0.946,0
"HLA-E",0,0.507538179888614,0.95,0.893,0
"S100A11",0,0.494469426901555,0.777,0.684,0
"FTH1",0,0.450140696482336,0.883,0.8,0
"RPL30",0,-0.25445977226602,0.55,0.827,0
"RPL18",0,-0.256047915443816,0.328,0.547,0
"RPL38",0,-0.256101306510828,0.465,0.761,0
"RPS13",0,-0.257903464119717,0.453,0.793,0
"HLA-B",0,-0.259055073456797,0.992,0.989,0
"RPL14",0,-0.259599871776898,0.361,0.616,0
"RPL32",0,-0.259618933547572,0.448,0.785,0
"RPL15",0,-0.260011762268179,0.377,0.633,0
"MT-ND1",0,-0.261477934522953,0.91,0.968,0
"RPL13A",0,-0.267326494441475,0.448,0.778,0
"CFL1",0,-0.27044346339212,0.878,0.939,0
"RPL19",0,-0.274018235845114,0.414,0.728,0
"RPL10A",0,-0.278076163704661,0.358,0.611,0
"RPS27",0,-0.278399743584294,0.429,0.745,0
"RPLP2",0,-0.28544297462788,0.403,0.71,0
"POMP",0,-0.28716857632639,0.172,0.34,0
"RPL6",0,-0.291305475134017,0.386,0.675,0
"LILRB4",0,-0.292877814917918,0.033,0.125,0
"NAP1L1",0,-0.293211770328768,0.368,0.613,0
"RPS14",0,-0.293294258199731,0.415,0.76,0
"EWSR1",0,-0.298115768306999,0.231,0.416,0
"RPL23A",0,-0.298728062069958,0.339,0.569,0
"NUCB1",0,-0.301026414032562,0.149,0.322,0
"CTSA",0,-0.302290961378678,0.084,0.217,0
"TAP1",0,-0.30404265924829,0.301,0.523,0
"RPL9",0,-0.314563320549132,0.458,0.791,0
"PARP14",0,-0.314618523751163,0.171,0.359,0
"RPS29",0,-0.315476519464397,0.571,0.88,0
"MT-ATP6",0,-0.315835239437722,0.866,0.957,0
"RACK1",0,-0.318081834651999,0.359,0.641,0
"RPS5",0,-0.318653699865352,0.347,0.597,0
"PHF11",0,-0.31974506475347,0.165,0.34,0
"GM2A",0,-0.324421526325915,0.054,0.174,0
"TRMT6",0,-0.328006572868866,0.034,0.126,0
"RPS18",0,-0.328975063993504,0.413,0.766,0
"DBI",0,-0.329141061594669,0.125,0.275,0
"TMEM167A",0,-0.330805064741262,0.108,0.252,0
"PTP4A2",0,-0.331450456104038,0.469,0.704,0
"PLEC",0,-0.33151206145758,0.071,0.195,0
"RPL11",0,-0.331739250653126,0.438,0.779,0
"HLA-DPB1",0,-0.332690162811613,0.139,0.294,0
"P4HB",0,-0.334937458939924,0.119,0.262,0
"LARP1",0,-0.335636155544664,0.093,0.225,0
"STAB1",0,-0.336263383210754,0.022,0.114,0
"RPL12",0,-0.336968607643759,0.37,0.663,0
"TOMM7",0,-0.338087669049972,0.349,0.6,0
"LIMS1",0,-0.338935679271931,0.11,0.249,0
"SUN2",0,-0.338985990428228,0.276,0.471,0
"COX8A",0,-0.339274660032746,0.16,0.324,0
"OASL",0,-0.339335577163632,0.049,0.186,0
"RBX1",0,-0.341167600489781,0.11,0.254,0
"RPS16",0,-0.341302910302646,0.447,0.773,0
"SREBF2",0,-0.34130348314163,0.06,0.174,0
"CSTB",0,-0.341978203905225,0.248,0.439,0
"BHLHE40",0,-0.343822737312521,0.069,0.199,0
"RPS24",0,-0.344849595944747,0.478,0.796,0
"HNRNPDL",0,-0.348361365667162,0.288,0.48,0
"PSMB1",0,-0.349078641104894,0.21,0.4,0
"PFDN5",0,-0.349552145240434,0.361,0.586,0
"FAM198B",0,-0.349598386434318,0.042,0.144,0
"RNF213",0,-0.350795194411197,0.309,0.552,0
"CMPK2",0,-0.352266391145997,0.027,0.146,0
"PSMB2",0,-0.352560992443764,0.11,0.256,0
"STAT1",0,-0.353777436042054,0.247,0.484,0
"IRF7",0,-0.353933451955614,0.122,0.311,0
"CAST",0,-0.35516145956998,0.268,0.5,0
"PTBP1",0,-0.355428565962407,0.153,0.314,0
"PTPN1",0,-0.356483629482281,0.136,0.311,0
"PNKD",0,-0.357227478316228,0.062,0.181,0
"NLRP3",0,-0.358249172861531,0.04,0.147,0
"EIF3A",0,-0.359072092493375,0.202,0.375,0
"RPL23",0,-0.360077207678021,0.486,0.814,0
"ACADVL",0,-0.361026785457957,0.111,0.264,0
"HLA-DRA",0,-0.362587505963475,0.177,0.417,0
"RPL27A",0,-0.363975739425156,0.492,0.798,0
"LGALS9",0,-0.365266472423245,0.192,0.382,0
"MGST3",0,-0.365799605812934,0.073,0.197,0
"EMB",0,-0.368357280321962,0.235,0.427,0
"KIAA0930",0,-0.368481431304073,0.08,0.214,0
"CD48",0,-0.368816661405811,0.306,0.542,0
"RPL31",0,-0.369023331369879,0.487,0.847,0
"SERPING1",0,-0.371710783852057,0.052,0.175,0
"RPL36",0,-0.371809282320725,0.357,0.649,0
"CCR1",0,-0.377983531505422,0.167,0.326,0
"SERPINB9",0,-0.378022839347594,0.097,0.229,0
"ERP29",0,-0.378364367761575,0.164,0.323,0
"RPL26",0,-0.380140096897549,0.35,0.626,0
"PLD3",0,-0.380464493751566,0.075,0.198,0
"BAX",0,-0.382756879474808,0.138,0.306,0
"C1orf162",0,-0.383355028394816,0.198,0.378,0
"PNP",0,-0.383845151801932,0.049,0.167,0
"TMED9",0,-0.384107947763924,0.109,0.263,0
"EMILIN2",0,-0.38434337240089,0.065,0.197,0
"RPL28",0,-0.385850257798037,0.489,0.801,0
"HNRNPA1",0,-0.386773508933369,0.258,0.443,0
"ATP5G3",0,-0.388449678220851,0.151,0.313,0
"GPI",0,-0.392088601072157,0.106,0.24,0
"SERBP1",0,-0.393063771508733,0.18,0.351,0
"ATP5H",0,-0.394460538760439,0.173,0.361,0
"RPS15",0,-0.394719242115067,0.317,0.574,0
"NCOR2",0,-0.394826721020663,0.095,0.241,0
"RPS15A",0,-0.395143534682878,0.413,0.74,0
"TMEM258",0,-0.395247340988276,0.18,0.364,0
"ARF6",0,-0.395909786300944,0.311,0.53,0
"NDUFS5",0,-0.396703072912868,0.147,0.312,0
"PRDX1",0,-0.401012299549511,0.077,0.207,0
"APOL6",0,-0.401388617560532,0.154,0.347,0
"ARPC5L",0,-0.402952142827439,0.072,0.19,0
"MCEMP1",0,-0.407175980839374,0.079,0.222,0
"PTGER2",0,-0.407486292546574,0.057,0.179,0
"C19orf66",0,-0.407680980444605,0.138,0.31,0
"PPIA",0,-0.41076918565227,0.206,0.39,0
"CREG1",0,-0.413066558031739,0.099,0.247,0
"YBX1",0,-0.413068683823906,0.28,0.507,0
"RPS28",0,-0.413645659357945,0.423,0.778,0
"ATP1A1",0,-0.415450696734744,0.121,0.265,0
"LRP1",0,-0.416140042254097,0.056,0.184,0
"FYN",0,-0.416578507405335,0.201,0.372,0
"RAP2B",0,-0.417209805646569,0.125,0.275,0
"SNRPD2",0,-0.417470624841377,0.182,0.353,0
"RPL8",0,-0.419066153849932,0.36,0.663,0
"EIF5A",0,-0.419721502819676,0.144,0.328,0
"GSTO1",0,-0.420937801710893,0.104,0.263,0
"ANP32B",0,-0.423493944287806,0.336,0.583,0
"MS4A6A",0,-0.424283676990319,0.142,0.322,0
"LILRB1",0,-0.427311219005607,0.052,0.17,0
"RPL35",0,-0.428916632397928,0.271,0.505,0
"C3AR1",0,-0.432053000733048,0.048,0.186,0
"VAMP5",0,-0.433324408538698,0.059,0.2,0
"CPT1A",0,-0.43636758209076,0.081,0.231,0
"EMP3",0,-0.437581445668013,0.361,0.619,0
"CAPN2",0,-0.438973338034058,0.108,0.269,0
"RSAD2",0,-0.439267779950137,0.069,0.236,0
"MARCH1",0,-0.439475602592911,0.07,0.199,0
"RPL37",0,-0.440465680300156,0.549,0.869,0
"SAMD9L",0,-0.441676955914461,0.138,0.342,0
"CAPNS1",0,-0.449620503824448,0.242,0.472,0
"CD74",0,-0.450835416581249,0.467,0.763,0
"MT-ND2",0,-0.454783537861954,0.909,0.972,0
"TRIM22",0,-0.455405648468861,0.225,0.476,0
"FLNA",0,-0.457015966685312,0.241,0.463,0
"GSTP1",0,-0.45849537798216,0.143,0.338,0
"PDIA3",0,-0.458536626575857,0.168,0.375,0
"GBP1",0,-0.461280173422226,0.142,0.348,0
"PLIN2",0,-0.46212642754316,0.052,0.187,0
"COMT",0,-0.465626152147624,0.092,0.251,0
"RPL37A",0,-0.467306477293876,0.439,0.786,0
"GPX1",0,-0.467512444775547,0.118,0.271,0
"MT-CO1",0,-0.46753640440236,0.755,0.958,0
"BST2",0,-0.469363373669827,0.091,0.26,0
"MS4A4A",0,-0.469714740722167,0.011,0.141,0
"RPS19",0,-0.469874779576804,0.393,0.754,0
"PLP2",0,-0.470116574736372,0.333,0.579,0
"LAP3",0,-0.470271943118643,0.069,0.236,0
"ATP5G2",0,-0.470418490213838,0.309,0.561,0
"RNH1",0,-0.470564107452875,0.095,0.254,0
"CCDC88A",0,-0.470683632613963,0.075,0.218,0
"OTUD1",0,-0.473892074384497,0.063,0.204,0
"TRIM14",0,-0.47671493711911,0.085,0.242,0
"RPN2",0,-0.481895780909413,0.146,0.33,0
"RPL21",0,-0.484200086916636,0.468,0.809,0
"MAP3K8",0,-0.485241078332153,0.124,0.299,0
"VAMP8",0,-0.487985603189573,0.171,0.374,0
"MX1",0,-0.489694015333154,0.131,0.4,0
"GPRIN3",0,-0.490642298994437,0.067,0.189,0
"AES",0,-0.4906821200791,0.289,0.559,0
"PLSCR1",0,-0.492886047296337,0.177,0.435,0
"ARID5B",0,-0.494173847277813,0.073,0.214,0
"SERF2",0,-0.49582644674725,0.365,0.633,0
"RPL39",0,-0.498176648807677,0.338,0.634,0
"CD163",0,-0.499106453113525,0.044,0.162,0
"HP",0,-0.499887567710859,0.017,0.113,0
"STOM",0,-0.500451967551359,0.095,0.25,0
"SH3BGRL3",0,-0.501705630569165,0.729,0.884,0
"EIF2AK2",0,-0.505586562886823,0.141,0.383,0
"CAPG",0,-0.508150117852895,0.106,0.283,0
"H1F0",0,-0.512936170563924,0.027,0.143,0
"CTSH",0,-0.51461644162326,0.098,0.268,0
"HBEGF",0,-0.515929012788608,0.027,0.132,0
"CDKN1A",0,-0.517617462265276,0.033,0.144,0
"RPL29",0,-0.51770359662587,0.366,0.714,0
"DUSP2",0,-0.518151303724598,0.053,0.159,0
"FAM20A",0,-0.52002743117161,0.006,0.146,0
"H1FX",0,-0.523056524681454,0.087,0.246,0
"MTDH",0,-0.525482724457859,0.217,0.466,0
"VIM",0,-0.525742316474809,0.578,0.8,0
"GNLY",0,-0.527225998444876,0.119,0.26,0
"ID2",0,-0.533005443284152,0.225,0.472,0
"EZR",0,-0.534819031928189,0.136,0.338,0
"TMSB10",0,-0.537738654398359,0.437,0.776,0
"MT-CO2",0,-0.540272392569519,0.874,0.966,0
"LGALS3BP",0,-0.543078011791477,0.029,0.174,0
"IFITM1",0,-0.543275295938974,0.159,0.354,0
"COX6C",0,-0.546987477046738,0.237,0.491,0
"CD83",0,-0.547792506579698,0.075,0.214,0
"CTSD",0,-0.549588495336596,0.172,0.371,0
"RPS20",0,-0.551796317354332,0.426,0.801,0
"SAMHD1",0,-0.554151526453776,0.296,0.578,0
"CALM1",0,-0.562851966977701,0.564,0.824,0
"HCST",0,-0.563112685057578,0.247,0.494,0
"OAS1",0,-0.563753846366085,0.072,0.277,0
"RASGEF1B",0,-0.57185645265734,0.038,0.175,0
"GRN",0,-0.572262719286117,0.319,0.486,0
"CD63",0,-0.57659674658164,0.312,0.546,0
"LDHA",0,-0.578575878857204,0.216,0.47,0
"SUMO3",0,-0.581333602154227,0.115,0.318,0
"HSP90AB1",0,-0.586856187494564,0.243,0.473,0
"OAS3",0,-0.590627215502058,0.061,0.263,0
"IRF2BP2",0,-0.592134799702907,0.232,0.468,0
"PTMA",0,-0.595348360253052,0.433,0.76,0
"ZEB2",0,-0.595561571541831,0.178,0.406,0
"SLFN5",0,-0.595741605175625,0.152,0.341,0
"SIGLEC1",0,-0.604945830134732,0.02,0.179,0
"APOBEC3C",0,-0.607337914052105,0.119,0.334,0
"TRAC",0,-0.616316122016073,0.197,0.351,0
"TMEM176A",0,-0.616859631018234,0.034,0.19,0
"AHNAK",0,-0.619005449958324,0.259,0.546,0
"MT2A",0,-0.620786413952491,0.133,0.356,0
"TPP1",0,-0.62236768019889,0.228,0.488,0
"GZMA",0,-0.629703933337305,0.078,0.205,0
"ANXA1",0,-0.630892144811215,0.29,0.573,0
"EPSTI1",0,-0.631163726311279,0.109,0.382,0
"RUNX3",0,-0.632341195018792,0.163,0.358,0
"ANXA5",0,-0.636361705879776,0.178,0.415,0
"KLF4",0,-0.649660424292312,0.123,0.302,0
"ENO1",0,-0.666698453973224,0.233,0.518,0
"ARL4C",0,-0.672438266139569,0.208,0.403,0
"PPDPF",0,-0.674526118476237,0.255,0.557,0
"OAS2",0,-0.675851101408273,0.074,0.308,0
"GAPDH",0,-0.676402691944878,0.405,0.687,0
"TMEM176B",0,-0.676540238495888,0.046,0.218,0
"UCP2",0,-0.680586347772977,0.277,0.571,0
"FCN1",0,-0.681524019396602,0.264,0.464,0
"LGALS3",0,-0.6827683984975,0.107,0.302,0
"S100A10",0,-0.687543645760713,0.187,0.417,0
"RETN",0,-0.691333918469074,0.023,0.127,0
"IFI44",0,-0.693236251814247,0.078,0.338,0
"CD300E",0,-0.6987518184478,0.06,0.213,0
"CD36",0,-0.702867972464703,0.101,0.289,0
"ADA2",0,-0.705403382230103,0.144,0.36,0
"PKM",0,-0.722364602755696,0.247,0.521,0
"CYP1B1",0,-0.725690250505538,0.048,0.197,0
"ISG15",0,-0.739743472334815,0.096,0.382,0
"CD52",0,-0.751340316061484,0.29,0.635,0
"CYBB",0,-0.777961801844097,0.154,0.408,0
"IL32",0,-0.77825859108544,0.216,0.378,0
"CALR",0,-0.787976220306334,0.209,0.511,0
"MAFB",0,-0.816325872189289,0.064,0.254,0
"NKG7",0,-0.816733019887605,0.107,0.367,0
"PIM1",0,-0.85179382937071,0.231,0.555,0
"LY6E",0,-0.860663148328949,0.146,0.52,0
"CCL5",0,-0.904276585542835,0.096,0.259,0
"CTSB",0,-0.930330663622762,0.208,0.465,0
"XAF1",0,-0.943889059591182,0.209,0.619,0
"LGALS1",0,-1.04029894306393,0.138,0.413,0
"PLAC8",0,-1.05783565945923,0.147,0.496,0
"ANXA2",0,-1.06900563211937,0.179,0.502,0
"IFI44L",0,-1.12012062219983,0.077,0.453,0
"VCAN",0,-1.15418341818124,0.155,0.454,0
"RGCC",0,-1.1685151814981,0.081,0.288,0
"RNASE2",0,-1.29201678939253,0.043,0.251,0
"IFI6",0,-1.30933487543201,0.289,0.745,0
"CLU",0,-1.4340937548671,0.022,0.29,0
"IFI27",0,-1.47369317504228,0.007,0.202,0
"IGKC",0,-1.62204301418939,0.05,0.201,0
"TPI1",5.51988846644495e-308,-0.290147832301694,0.235,0.42,1.84458112883191e-303
"RAD23A",5.69143683322881e-308,-0.370971882513909,0.108,0.243,1.90190744656007e-303
"DPYSL2",2.94814291299884e-307,-0.352344706903252,0.066,0.179,9.85180917236821e-303
"YWHAE",2.94926244306928e-307,-0.323076054997149,0.16,0.318,9.85555030600461e-303
"MGAT1",3.52663886843388e-307,-0.364524093160772,0.185,0.35,1.17849691066455e-302
"ITGB2",4.25975225872245e-306,-0.38038073717428,0.555,0.705,1.42348141229728e-301
"CYCS",5.00434976231092e-306,-0.345558760884319,0.062,0.173,1.67230356007144e-301
"BLVRA",2.09115190060977e-305,-0.289550017579542,0.04,0.137,6.98800230626767e-301
"ATP1B3",1.25757999578144e-304,-0.382080183992566,0.098,0.227,4.20245507190283e-300
"NCF4",1.39395415776723e-304,0.781633317329652,0.369,0.239,4.65817660901075e-300
"LIMK2",2.94166456191138e-304,0.710147189371182,0.356,0.212,9.83016046653925e-300
"JUND",5.63701347504747e-304,0.476416991705966,0.726,0.695,1.88372079295661e-299
"SSBP1",2.12758467002932e-303,-0.351102115406917,0.144,0.292,7.10974969183696e-299
"ATP6V1F",5.95585342984859e-303,-0.316037488771769,0.12,0.261,1.9902675406525e-298
"LTA4H",7.54600669358853e-303,-0.388789875341243,0.183,0.343,2.52164905679648e-298
"PDIA6",2.59713485055664e-302,-0.376724804429966,0.097,0.224,8.67884553010513e-298
"FCGR2A",7.34235456696505e-302,0.721485626355841,0.402,0.27,2.45359462564271e-297
"IRAK1",9.40019326325301e-302,-0.309792468017732,0.068,0.183,3.14126258278126e-297
"TPST2",1.11483077150516e-301,-0.315777719559349,0.114,0.254,3.7254299891388e-297
"SPN",3.57896514672232e-300,-0.456616087474844,0.132,0.271,1.1959827830802e-295
"HNRNPR",1.24677534171072e-295,-0.376844368742251,0.168,0.321,4.16634915939473e-291
"NDUFB2",2.10825958633098e-295,-0.36458640914013,0.14,0.284,7.04517105964224e-291
"TUFM",2.13083733530808e-295,-0.350606049484378,0.106,0.237,7.12061912339902e-291
"SLC3A2",6.67811953636269e-295,-0.337733881790373,0.079,0.197,2.23162720546632e-290
"DDX60",1.66638834624267e-294,-0.32539147094273,0.041,0.136,5.56856993663912e-290
"CD8A",2.69890103338527e-293,-0.600977632189289,0.031,0.118,9.01891758326356e-289
"TMEM123",9.67580956447176e-293,-0.288797706690795,0.249,0.432,3.23336528215953e-288
"TRGC2",1.10636927584719e-292,-0.557573762887391,0.031,0.117,3.69715420909854e-288
"EHD4",6.61400550610127e-292,-0.305579835998251,0.037,0.128,2.21020221997386e-287
"TRBC2",8.33212328853676e-292,-0.521584015429279,0.219,0.376,2.78434563933033e-287
"HMGB2",4.35150625139807e-291,-0.280866544979433,0.317,0.514,1.45414284402969e-286
"EAF1",4.3938984504037e-291,-0.35021501783032,0.061,0.169,1.4683090451714e-286
"UQCRH",1.01520107451468e-290,-0.337405940832675,0.161,0.312,3.3924974307057e-286
"ACO2",1.35692392008625e-290,-0.337714480742601,0.08,0.197,4.53443266375222e-286
"SCARB2",1.83784811769925e-290,-0.301247294688236,0.053,0.154,6.14153705491558e-286
"NCL",2.90159993634581e-289,-0.370130650395063,0.249,0.42,9.69627650728678e-285
"PRKX",6.6020463598015e-289,-0.403882858649984,0.078,0.193,2.20620583205487e-284
"ATP5J2",7.08075278518592e-289,-0.298128327367635,0.203,0.37,2.36617515822558e-284
"UPP1",1.50669326311696e-287,-0.26645236625898,0.06,0.169,5.03491687735796e-283
"KTN1",4.33425626556237e-287,-0.336667029095001,0.151,0.298,1.44837841626298e-282
"CPVL",6.65822146980813e-287,-0.341434942738716,0.088,0.211,2.22497786856578e-282
"MTSS1",1.70987783272595e-286,-0.396319345214138,0.051,0.151,5.71389875362031e-282
"IKZF3",4.49295981956381e-286,-0.485637543035536,0.082,0.197,1.50141238290364e-281
"HK3",6.05196550094696e-286,-0.275617165395383,0.067,0.178,2.02238531145144e-281
"GRINA",1.17471860215805e-283,-0.289414507568685,0.153,0.304,3.92555715283156e-279
"TRAPPC1",4.06803996952051e-283,-0.25808606674249,0.253,0.437,1.35941691661467e-278
"HNRNPM",5.8542111871025e-283,-0.300125384756002,0.215,0.384,1.95630175239404e-278
"ZDHHC20",8.63314798610607e-283,-0.304919550919596,0.109,0.241,2.88493906251707e-278
"LUCAT1",3.71938563661466e-282,0.917522214119252,0.215,0.095,1.24290709818752e-277
"CCL3",6.43117658515816e-282,-0.597070105690954,0.027,0.107,2.1491062794623e-277
"METAP2",2.35792352219159e-280,-0.370033568481876,0.085,0.202,7.87947303410765e-276
"PRDM1",7.50647719104872e-280,-0.454786876134339,0.075,0.187,2.50843948293275e-275
"NDUFB9",2.96295064708311e-279,-0.309735659577124,0.103,0.23,9.90129217735763e-275
"AGFG1",3.52233453182281e-279,-0.321987561358466,0.118,0.255,1.17705853049923e-274
"SDCBP",3.89305704825537e-279,0.5617716363386,0.578,0.49,1.3009428738155e-274
"TAP2",7.0151027940063e-279,-0.266615362775313,0.136,0.281,2.34423690067309e-274
"SSB",7.78413332422932e-279,-0.323132264462921,0.113,0.243,2.60122383295771e-274
"HCFC1",9.41052268107008e-279,-0.327034026937731,0.058,0.161,3.14471436433319e-274
"NCF2",5.24971103059471e-278,0.627113761530368,0.479,0.368,1.75429593509383e-273
"PIK3R1",3.38803209844559e-277,-0.394884587561328,0.142,0.281,1.13217868633756e-272
"GZMH",1.62176193938097e-276,-0.61156350549019,0.047,0.141,5.41944187282938e-272
"PSME2",1.6568663162828e-276,-0.286562642743136,0.12,0.254,5.53675016912223e-272
"TMEM173",1.66485317346035e-276,-0.341348381105776,0.097,0.219,5.56343984975245e-272
"EVI2B",1.01671441250682e-275,0.434177565102361,0.684,0.619,3.39755455227403e-271
"HCFC1R1",5.1035288312498e-273,-0.278950592531959,0.045,0.138,1.70544622953875e-268
"DDIT3",5.44674699857294e-273,0.942391922682258,0.202,0.087,1.82013944451312e-268
"ZFP36L1",4.07048884653363e-272,0.441290458974962,0.699,0.618,1.36023525784614e-267
"IGF2R",8.18205390441294e-271,0.766832729346378,0.409,0.301,2.73419695323767e-266
"ADD1",8.27681631601557e-271,-0.265953952633142,0.238,0.417,2.76586370832292e-266
"CD164",2.64118008438092e-270,-0.251022328271692,0.199,0.363,8.82603148797573e-266
"ARHGDIA",3.76118130326104e-270,-0.25825718585005,0.243,0.421,1.25687395611074e-265
"NUCKS1",8.34518951587186e-270,-0.400547554568993,0.157,0.296,2.7887119805189e-265
"COX7C",2.15916731700119e-269,-0.281274278711954,0.246,0.419,7.21528942322287e-265
"PADI2",2.36520485700967e-269,0.795079449364898,0.257,0.135,7.90380507066922e-265
"HSP90B1",3.19466739712682e-269,-0.423767356206304,0.223,0.383,1.06756200409787e-264
"CD44",9.94401520197938e-269,-0.29353544720534,0.33,0.525,3.32299156004545e-264
"MESD",1.07188638230428e-268,-0.32409881360794,0.076,0.187,3.58192272374621e-264
"SOD1",2.5966991509005e-268,-0.375327926247586,0.178,0.325,8.67738955256421e-264
"EIF2AK1",1.28504767995014e-267,-0.353348279098743,0.136,0.273,4.29424383208939e-263
"PA2G4",5.23391036930386e-267,-0.365409639443254,0.137,0.271,1.74901582811027e-262
"CD69",6.17233421018696e-266,-0.478596809281805,0.102,0.221,2.06260892301818e-261
"KDELR1",7.38201852140974e-265,-0.29878269889852,0.099,0.22,2.46684912929949e-260
"SRSF7",8.87371800077008e-265,-0.305059681067388,0.183,0.335,2.96533034431734e-260
"WARS",1.68059872965588e-264,-0.327391502234231,0.103,0.227,5.61605677489106e-260
"CLPTM1L",2.19753485796622e-264,-0.291233743169186,0.071,0.179,7.3435022348657e-260
"TRAM1",3.16614512560848e-264,-0.324466662055786,0.155,0.296,1.05803071662458e-259
"ITGB7",8.85287812372332e-264,-0.350376796081745,0.07,0.176,2.95836628260462e-259
"EIF4G1",1.28029469689214e-263,-0.284825876377897,0.062,0.165,4.27836078860448e-259
"TMEM170B",8.14405908371112e-262,-0.285260507816086,0.082,0.196,2.72150022400375e-257
"SPI1",1.88479412458874e-261,0.460318694415797,0.62,0.509,6.29841652613818e-257
"ANXA6",6.80351124895859e-261,-0.341716470760381,0.131,0.262,2.27352935406449e-256
"PCGF5",1.1440875347257e-260,-0.297549717994381,0.138,0.276,3.82319731479287e-256
"HDGF",1.24092162233346e-260,-0.306026121632423,0.194,0.35,4.14678778535173e-256
"CYB5R3",1.39444885840938e-260,-0.268526210641186,0.084,0.199,4.65982975014661e-256
"SNHG6",2.10924123466735e-259,-0.349836090565761,0.181,0.328,7.04845143388788e-255
"ZBTB7A",2.31174726363094e-259,-0.261481233961884,0.179,0.332,7.72516583087551e-255
"CST3",5.54383066297127e-259,-0.310004328263878,0.199,0.357,1.85258189264511e-254
"MACF1",8.45398178878657e-259,-0.319258085164648,0.169,0.316,2.82506709435881e-254
"PTPN2",1.95427126886793e-258,-0.296717435421911,0.115,0.243,6.53058829917596e-254
"TXNDC11",2.92239349587346e-258,-0.285800753371844,0.06,0.161,9.76576234516034e-254
"TFRC",5.23073599645588e-257,-0.329577870298933,0.039,0.125,1.74795504793566e-252
"KCTD12",6.01583640390808e-257,-0.321797227028365,0.098,0.216,2.01031205109396e-252
"EID1",9.66419306840516e-257,-0.329961238670535,0.163,0.304,3.22948339766895e-252
"NDUFA4",1.45930331908577e-256,-0.290535031836934,0.206,0.362,4.87655390138892e-252
"SLAMF7",5.33993480465812e-256,-0.384067494711335,0.054,0.15,1.7844460136726e-251
"SNRPG",9.9932833318277e-256,-0.288044653066064,0.09,0.204,3.33945549099686e-251
"ANP32A",2.33125430924813e-255,0.586877717787213,0.543,0.465,7.79035252521449e-251
"DIAPH2",7.31647184512859e-255,-0.305755564783344,0.073,0.179,2.44494539648662e-250
"NUTF2",1.50835711133144e-254,-0.339589077333927,0.097,0.213,5.04047695893626e-250
"FCER1G",3.13721809368458e-253,-0.545786829645227,0.502,0.59,1.04836417036658e-248
"NCKAP1L",8.37319218468069e-253,-0.264894118553377,0.142,0.279,2.79806963235475e-248
"ARL6IP5",8.27943586027161e-252,-0.263258798627322,0.31,0.496,2.76673908142696e-247
"PRF1",2.49973051171566e-251,-0.485945198125289,0.078,0.186,8.35334945100022e-247
"FXYD5",3.23261364276064e-251,-0.272099919635482,0.257,0.43,1.08024250100132e-246
"RCC2",3.39302061201876e-250,-0.291182560908551,0.043,0.13,1.13384569791831e-245
"KLF10",1.26146357233893e-249,-0.263541526949607,0.057,0.153,4.21543281968499e-245
"ACER3",4.29439900566794e-249,-0.252033189424188,0.051,0.143,1.43505931572405e-244
"HAVCR2",8.75343990730871e-249,-0.30031123680301,0.037,0.119,2.92513701382535e-244
"SNRPD1",6.07816457187772e-248,-0.337514715543507,0.073,0.175,2.03114025498438e-243
"FGD2",9.35583070495816e-248,-0.290290510399099,0.054,0.147,3.12643794667587e-243
"GUSB",1.55162131019493e-247,-0.256251236197821,0.051,0.144,5.1850529322784e-243
"MTATP6P1",3.34180700290541e-247,-0.27422704764681,0.539,0.778,1.1167316461609e-242
"EIF1",6.31464230694874e-247,0.322687307152746,0.778,0.783,2.11016401971306e-242
"AGPAT3",6.89411858661203e-247,-0.290070854441571,0.061,0.159,2.30380760808814e-242
"RAB20",9.02833550131549e-247,-0.271411505367926,0.044,0.132,3.0169988744746e-242
"CNP",2.47431559943247e-246,-0.255357668529977,0.035,0.116,8.26842043862348e-242
"FFAR2",3.83986780420989e-246,0.727998716180356,0.308,0.187,1.28316862413282e-241
"IFITM3",9.19960253555925e-246,-0.551292397774324,0.388,0.507,3.07423117930784e-241
"PELI1",1.00851628113834e-245,0.743418499668707,0.347,0.229,3.37015885667997e-241
"ADGRE3",1.03751612773224e-245,0.678372814549855,0.124,0.033,3.46706764404284e-241
"CHCHD2",2.03485776239885e-245,-0.253074052893859,0.23,0.393,6.79988418460825e-241
"CNN2",1.20866056485277e-244,0.465116363675646,0.698,0.657,4.0389810095685e-240
"ATP2A2",1.53462537905197e-243,-0.270073770918247,0.067,0.167,5.12825762917798e-239
"DPEP2",1.65230324772263e-243,0.684924100831202,0.167,0.063,5.52150176291473e-239
"DDX24",1.27008832366026e-242,-0.354477217024967,0.105,0.22,4.24425415117549e-238
"RDH11",1.33337491091463e-241,-0.34008877330698,0.076,0.179,4.45573893980341e-237
"CBX3",2.3039581517358e-241,-0.256723694713544,0.198,0.351,7.69913695565552e-237
"ERAP2",2.63567383700754e-241,-0.365396657753744,0.081,0.187,8.8076312611281e-237
"NAGA",7.59585302735943e-241,-0.285895865061728,0.059,0.154,2.5383062061527e-236
"LAIR1",4.48018906435051e-240,-0.250659076015291,0.051,0.141,1.49714477963401e-235
"SLFN12L",4.81935559364618e-240,-0.44605569686813,0.112,0.229,1.61048405872875e-235
"ECH1",3.0424816672073e-239,-0.282045621590199,0.084,0.191,1.01670609873066e-234
"TUBA1A",1.32279805282517e-238,0.748633398742001,0.384,0.278,4.42039425312586e-234
"VNN3",4.11159456654703e-238,0.763011836825211,0.147,0.051,1.37397155630302e-233
"POU2F2",4.77328335952581e-238,-0.306358041540908,0.155,0.292,1.59508810025274e-233
"ZFP36L2",6.012961211685e-238,-0.368401124761872,0.341,0.509,2.00935124810878e-233
"UQCR10",7.03618433651257e-238,-0.264050387354205,0.123,0.248,2.35128171973241e-233
"ARL8B",7.74375521092027e-238,-0.281224351880691,0.097,0.211,2.58773067883323e-233
"C11orf58",1.52853686963829e-237,-0.289803371554813,0.139,0.268,5.10791165727028e-233
"SUB1",7.49623218841272e-237,-0.291968946987303,0.298,0.474,2.50501591040188e-232
"SNX3",5.61973805972469e-236,-0.251819192583566,0.201,0.353,1.8779478674182e-231
"GCH1",1.1572370724291e-235,-0.263722887080733,0.071,0.172,3.86713912493633e-231
"EIF3G",2.25091154876443e-235,-0.298875350606328,0.141,0.269,7.5218711225061e-231
"MXD1",4.16276887111162e-234,0.650282617285471,0.444,0.348,1.39107247365937e-229
"URM1",1.15070646758224e-233,-0.300694769904398,0.064,0.16,3.84531580271958e-229
"HINT1",3.24161814683742e-233,-0.272332326682458,0.25,0.412,1.08325153612866e-228
"SERPINB6",6.04940942581861e-233,-0.282952073279081,0.063,0.158,2.0215311478258e-228
"UHMK1",7.47351964134817e-233,-0.303559371397907,0.142,0.271,2.49742605854932e-228
"NRIP1",9.99167454327812e-233,-0.261765333365501,0.04,0.122,3.33891788212725e-228
"IKBKE",2.08506789789172e-232,-0.253773671740302,0.034,0.11,6.96767139438477e-228
"CRYBG1",3.07369963795385e-232,-0.280848688144171,0.104,0.221,1.02713820801504e-227
"YWHAZ",4.04180316685296e-232,-0.265117875424079,0.563,0.758,1.35064936426725e-227
"ATP13A3",3.43549532026875e-231,-0.340542185440486,0.042,0.124,1.14803947117421e-226
"C9orf78",4.62292252793606e-231,-0.297714071615921,0.175,0.313,1.54484202116039e-226
"VASP",6.84396217481778e-230,0.605805759172447,0.497,0.418,2.28704683995886e-225
"HCK",9.01386326818386e-230,0.605449104839393,0.492,0.402,3.012162688329e-225
"FAM212B",2.50280465076617e-229,0.684814343209544,0.135,0.043,8.36362230146531e-225
"PTPN18",4.46959641969171e-229,-0.2917830889582,0.155,0.287,1.49360503556838e-224
"ODC1",9.55256516806867e-229,-0.317852098992255,0.035,0.111,3.19218070221351e-224
"HNRNPA3",1.4267479381756e-228,-0.294609493720964,0.218,0.368,4.76776358500141e-224
"KYNU",8.33406675348767e-228,-0.282145306420799,0.044,0.127,2.78499508701297e-223
"KMT2A",6.61005602993404e-227,-0.372181745477692,0.13,0.25,2.20888242352306e-222
"TSPO",7.50033954081593e-226,-0.293046580642023,0.233,0.386,2.50638846435446e-221
"SPCS3",7.84684220649375e-226,-0.260631571490261,0.166,0.303,2.62217926014402e-221
"FBXO7",1.14775794729821e-224,-0.297239059967619,0.088,0.194,3.83546273248644e-220
"RASA3",1.47517126507884e-224,-0.380219460338695,0.137,0.259,4.92957981651397e-220
"ZBTB43",3.7310932329959e-224,-0.254634176194936,0.036,0.113,1.24681942567024e-219
"RAP1B",9.103363272608e-224,-0.263939267241273,0.14,0.27,3.04207090480742e-219
"MRPL34",3.28617343075149e-223,-0.310456288493379,0.075,0.173,1.09814057535423e-218
"STARD7",4.15870442825834e-223,-0.310680202492044,0.083,0.185,1.38971425879109e-218
"CASS4",5.60251402231721e-223,0.625532596485566,0.105,0.024,1.87219211083774e-218
"CX3CR1",2.97197059938818e-222,-0.446351021151722,0.114,0.225,9.93143415197547e-218
"PPM1K",3.9815869193085e-222,-0.359942550714944,0.063,0.155,1.33052690082532e-217
"TMED10",2.00720496759879e-221,-0.281968925588753,0.162,0.293,6.70747684022487e-217
"SRP72",2.40862846826059e-221,-0.308401950021251,0.131,0.251,8.04891375238643e-217
"DAZAP2",6.85638170072295e-221,0.408265460972323,0.701,0.688,2.29119707293059e-216
"CCDC88C",2.11830407299592e-220,-0.308429878901288,0.094,0.2,7.07873672073047e-216
"GLUL",1.12006045427075e-218,0.691968395471271,0.431,0.34,3.74290602003655e-214
"SEL1L3",1.44988375314113e-218,-0.31459208361418,0.046,0.128,4.8450765378717e-214
"ITGA4",2.39556984696708e-218,-0.302755556001545,0.104,0.213,8.00527575760988e-214
"CD81",5.34069726127737e-218,-0.354085230011003,0.079,0.177,1.78470080380106e-213
"P2RY13",6.8055098819549e-218,0.79207943254072,0.31,0.204,2.27419723725287e-213
"ALOX5AP",1.39112780467697e-216,0.604810978492643,0.483,0.387,4.64873178488903e-212
"CANX",1.30394273439435e-215,-0.254770749724568,0.211,0.358,4.3573854355256e-211
"EIF2S2",2.59537225798716e-215,-0.252794015156664,0.112,0.225,8.6729554745157e-211
"UTRN",4.2352388531853e-213,-0.270652399238799,0.19,0.331,1.41528976756893e-208
"COPZ1",1.02290596839152e-212,-0.268390792996348,0.1,0.208,3.41824487457396e-208
"NDUFB8",2.07281481090072e-212,-0.276554144730688,0.049,0.131,6.92672525358694e-208
"SSR4",1.01462850291894e-211,-0.326754868585669,0.13,0.245,3.39058406820422e-207
"CST7",2.03621107743721e-211,-0.425505833965146,0.199,0.334,6.80440655747191e-207
"GBP4",2.94583415653722e-211,-0.290312313484504,0.098,0.205,9.84409400090044e-207
"MSL1",1.21314702124695e-210,0.630015756870793,0.402,0.309,4.05397340090095e-206
"SPOCK2",3.41745831758245e-208,-0.436252459116012,0.166,0.286,1.14201204598653e-203
"APLP2",4.28417934388194e-208,-0.334870619241848,0.291,0.437,1.43164421134503e-203
"EIF5B",7.84568806874374e-208,-0.31171854023688,0.084,0.183,2.62179358193209e-203
"UBE3A",8.98799150849084e-208,-0.293555868259335,0.083,0.182,3.00351712239238e-203
"ARHGEF40",1.67064389745232e-207,0.836956440525465,0.219,0.117,5.58279071211642e-203
"PLXNB2",2.95507762958657e-207,-0.289221256116611,0.051,0.133,9.87498291478943e-203
"MYCBP2",8.63417774319345e-207,-0.274752850946157,0.145,0.267,2.88528317644296e-202
"SEC61G",1.60779471993829e-206,-0.26064827713073,0.101,0.207,5.37276761561778e-202
"TMEM9B",9.58824343721337e-206,-0.263031492296017,0.093,0.195,3.20410330941359e-201
"CD3G",9.90802302845081e-206,-0.460401539426878,0.128,0.237,3.31096405541741e-201
"ZNF385A",1.38590153271388e-205,-0.296853174280739,0.087,0.188,4.63126715186997e-201
"NDUFAB1",1.1199379597938e-203,-0.278626347553496,0.079,0.174,3.74249668024295e-199
"CRTAP",1.20439853320488e-203,-0.256718075578338,0.116,0.228,4.02473857841076e-199
"XBP1",1.92864803719632e-203,-0.301414413942435,0.114,0.223,6.44496314589894e-199
"CMAS",3.26570867178851e-202,-0.262664360397033,0.043,0.119,1.09130186685157e-197
"SNX9",3.37980904011295e-202,-0.347827014763368,0.037,0.109,1.12943078693455e-197
"PSMC5",4.69669231972703e-202,-0.279942518418769,0.085,0.182,1.56949367248318e-197
"NDUFA12",8.22643148893781e-202,-0.256714511454365,0.089,0.189,2.74902661065835e-197
"CITED2",6.59849835681858e-201,-0.261981875118384,0.075,0.168,2.20502019589807e-196
"MDH1",6.94907045370203e-201,-0.264503820601565,0.092,0.192,2.32217087351361e-196
"ABCF1",7.30062879971297e-201,-0.261256936197856,0.068,0.159,2.43965112600008e-196
"CTSW",1.04395635219293e-200,-0.399908322834877,0.083,0.178,3.4885889421231e-196
"PLBD1",3.17472440655368e-200,-0.439138122813988,0.231,0.359,1.06089765493804e-195
"ANP32E",2.16992359185541e-199,-0.2563609625858,0.094,0.197,7.25123366690322e-195
"BTNL8",2.33932317482774e-199,0.694789420065526,0.109,0.031,7.81731625332184e-195
"SYNCRIP",5.99734987493827e-199,-0.271005689573204,0.142,0.26,2.00413440770812e-194
"GPSM3",1.96687940866324e-198,0.45510981639228,0.62,0.577,6.57272091992995e-194
"SERPINB1",3.19709523219255e-198,-0.269956061361937,0.389,0.549,1.06837331374178e-193
"SLC1A5",3.34469481011351e-198,-0.25787079934011,0.033,0.101,1.11769666469563e-193
"LRRK2",4.35526146033535e-198,0.672648337439909,0.323,0.222,1.45539772220026e-193
"ARRB2",5.46076547141735e-197,0.426389642335071,0.627,0.577,1.82482399758354e-192
"FUNDC2",7.76536658023862e-197,-0.324385832599594,0.069,0.156,2.59495255011834e-192
"LYZ",1.55873234506706e-195,-0.427566674135445,0.513,0.624,5.20881587751059e-191
"APOBEC3G",7.63311879356673e-195,-0.258046293052354,0.088,0.187,2.55075930724619e-190
"VOPP1",1.38840207311478e-194,-0.27586286877549,0.11,0.218,4.63962320772767e-190
"DUSP6",2.24517059532732e-194,-0.395576706418202,0.25,0.388,7.5026865784053e-190
"FRAT2",2.377956810183e-194,0.677242208246903,0.352,0.258,7.94641827258852e-190
"KLF9",6.6895242851216e-194,-0.269165745600071,0.06,0.144,2.23543833035908e-189
"UBP1",1.16672178251729e-193,-0.26074036000078,0.077,0.169,3.89883418063804e-189
"S100P",2.07575642884331e-193,0.654953046341945,0.281,0.172,6.93655525826568e-189
"GPR183",6.33663665424594e-193,-0.369733631910051,0.056,0.136,2.11751387074936e-188
"COX5A",3.87060732044005e-192,-0.256120361964856,0.1,0.201,1.29344084827145e-187
"CD177",6.41909584116006e-192,-0.858699551248421,0.037,0.106,2.14506925724046e-187
"OAZ2",9.78541771881216e-192,0.701945862378114,0.271,0.173,3.26999303909546e-187
"KIAA1551",1.54064843569067e-191,0.583038965026611,0.416,0.324,5.14838487754751e-187
"SYNE1",1.72850802000278e-191,-0.287223234415263,0.125,0.236,5.7761552504433e-187
"NCOA4",6.76740936069357e-191,0.696989132009944,0.397,0.321,2.26146518606297e-186
"TNFAIP2",8.09751203091956e-191,0.63576044402205,0.393,0.307,2.70594559537239e-186
"CD86",8.64168984250587e-191,-0.290741917319191,0.061,0.143,2.88779349467019e-186
"KDM6B",7.14270959400606e-189,0.696669526975848,0.336,0.243,2.38687926502901e-184
"SSBP4",7.46095067290541e-189,-0.268528629696717,0.046,0.12,2.4932258863648e-184
"IFRD1",2.20242246591394e-188,0.711376686239458,0.197,0.103,7.35983515434462e-184
"SEM1",1.34698343235968e-187,-0.272265965999673,0.092,0.187,4.50121453591633e-183
"CD68",1.47848545390439e-187,-0.263957344002496,0.07,0.156,4.94065484131231e-183
"MTA2",1.51557034728057e-187,-0.256996194382215,0.085,0.179,5.06458142950748e-183
"VPS13C",2.24638713279002e-187,-0.274598683688854,0.106,0.208,7.5067518816444e-183
"DOCK5",1.24498102853014e-186,0.734901801095797,0.233,0.137,4.16035310303916e-182
"KLRD1",3.41391555491614e-186,-0.416311876196016,0.064,0.147,1.14082816098633e-181
"KCNJ15",4.19314177312501e-186,0.476810256359362,0.262,0.149,1.40122218632519e-181
"BCL2",5.83596702618889e-186,-0.376423561215939,0.101,0.199,1.95020510114154e-181
"SLC25A39",4.62275901733108e-184,-0.347351165056048,0.066,0.15,1.54478738082153e-179
"ZDHHC18",5.27128773762485e-184,0.63863381493852,0.184,0.092,1.7615062232821e-179
"ARHGEF3",6.81586627328392e-184,-0.284942399234301,0.095,0.192,2.27765803254329e-179
"ETS1",7.34812981661102e-184,-0.326502213077068,0.22,0.35,2.4555245408169e-179
"PIP4K2A",1.42758151357807e-183,-0.253604036124192,0.214,0.349,4.77054914392383e-179
"SSBP3",2.05409636661675e-183,-0.351457228940268,0.109,0.208,6.86417382832321e-179
"ZBTB38",3.98537062875047e-183,-0.326734589176512,0.062,0.144,1.33179130300954e-178
"ARAP2",5.41779641460654e-183,-0.28959459584789,0.082,0.174,1.81046502786907e-178
"RBM38",3.93938112037704e-182,-0.263288574037327,0.049,0.125,1.3164229889964e-177
"OGFRL1",4.80969845913418e-182,0.70380578167034,0.276,0.182,1.60725693408887e-177
"ACTN1",1.79450057765357e-181,0.563795979289691,0.385,0.291,5.99668258034495e-177
"FYB1",3.12309162644236e-181,0.314443131721638,0.82,0.8,1.04364352880824e-176
"TSEN34",1.9446024822999e-180,0.689509119587559,0.254,0.159,6.49827811510157e-176
"RAB29",3.15263770373856e-179,-0.292269647393031,0.089,0.181,1.05351694145832e-174
"H3F3B",9.52245464256687e-179,0.353755992917843,0.852,0.855,3.18211866790657e-174
"CD2",1.15379201370988e-178,-0.423645342436797,0.142,0.247,3.85562677221431e-174
"TECR",1.68513519074812e-178,-0.269350920290491,0.072,0.158,5.63121626692298e-174
"HBA1",1.85070267386277e-178,-0.852542720040417,0.339,0.472,6.18449312524721e-174
"BANF1",7.01690299582747e-177,-0.255511481424946,0.089,0.18,2.34483847411567e-172
"PCBP1-AS1",9.4525681412558e-177,0.680164851227347,0.158,0.073,3.15876469576345e-172
"CXXC5",9.737976734908e-177,-0.264245853049702,0.043,0.113,3.25413968550421e-172
"PDLIM7",1.0421100691368e-176,0.708359183921845,0.284,0.193,3.48241921803445e-172
"MRPL41",6.55492405059579e-176,-0.258296628716719,0.07,0.154,2.19045896998759e-171
"SCAMP3",1.12024654582037e-175,-0.260568540751324,0.053,0.128,3.74352788216794e-171
"APRT",1.38970374884777e-175,-0.287322531221394,0.078,0.163,4.64397301752459e-171
"HCLS1",2.00190046803458e-175,0.408549395027033,0.676,0.672,6.68975079403117e-171
"SEC11C",3.34395924223727e-174,-0.342034106921698,0.065,0.146,1.11745085997843e-169
"NPM1",1.03138174133515e-173,-0.297339849837488,0.183,0.299,3.44656836501967e-169
"ILF3",4.41091864365619e-173,-0.264160752614815,0.105,0.202,1.47399668315059e-168
"AHR",1.742594270243e-172,-0.254391648539843,0.045,0.115,5.82322727287104e-168
"LINC00486",1.93509843925017e-172,-0.251508118419532,0.305,0.456,6.4665184544423e-168
"ALDH2",1.12200179576172e-171,-0.251140305851533,0.081,0.169,3.74939340089694e-167
"HMGN1",1.34973366843614e-171,-0.263312199705006,0.168,0.285,4.51040499981303e-167
"MLLT6",1.46611544430538e-171,-0.322306745160373,0.166,0.276,4.89931798023529e-167
"USP15",1.80006561433039e-171,0.601157341638168,0.456,0.39,6.01527926340787e-167
"SELENOW",8.54864848560097e-171,-0.253553689831391,0.066,0.147,2.85670186443328e-166
"CRTC3",1.24136445504479e-170,-0.252690974663571,0.076,0.161,4.14826759942317e-166
"CD3E",4.53951401534455e-170,-0.394363222497183,0.195,0.31,1.51696939850769e-165
"NCF1C",1.01285081744773e-169,0.732844610648943,0.293,0.207,3.38464357666508e-165
"LPAR2",2.5421132531025e-169,0.606595294665786,0.157,0.073,8.49497985789263e-165
"STX3",3.14399454655205e-169,0.690498314259742,0.245,0.155,1.0506286576213e-164
"TCERG1",5.61116858871639e-169,-0.27549818889621,0.069,0.151,1.87508420729136e-164
"SERPINA1",6.54739719279071e-169,0.378167938666156,0.581,0.474,2.18794371991487e-164
"RTN3",8.56730601242966e-169,0.510482568420214,0.503,0.444,2.86293665017362e-164
"ADGRG3",4.67360472097764e-167,0.626796894602052,0.178,0.091,1.5617784896091e-162
"EGR1",4.5427390624726e-166,0.793553020430816,0.262,0.168,1.51804711250647e-161
"CAMK1D",3.1601343370336e-164,0.658529864613722,0.212,0.119,1.05602209140652e-159
"RBMX",8.20404644699988e-164,-0.267597582171195,0.131,0.233,2.74154620119395e-159
"ALPL",5.02938427858286e-163,0.374295005251867,0.244,0.135,1.68066934437404e-158
"FAM49B",7.58884000588933e-162,0.523320187546149,0.499,0.446,2.53596266476804e-157
"RGS10",1.40761907678237e-161,-0.268634411826686,0.112,0.208,4.70384066888365e-157
"CPQ",5.46254574134783e-161,0.711314188405374,0.241,0.152,1.8254189103862e-156
"KIF2A",5.20490138931948e-160,-0.312095064856946,0.141,0.243,1.73932189726889e-155
"CIZ1",1.56959244035601e-159,-0.250780305986459,0.066,0.142,5.24510705793768e-155
"ABRACL",3.09285346638145e-159,-0.253915318925461,0.105,0.197,1.03353884286069e-154
"BOD1L1",1.81624264086996e-158,0.659823932337435,0.389,0.318,6.06933803299516e-154
"BDP1",8.17177078341881e-158,-0.261150497267629,0.068,0.147,2.73076064269506e-153
"HMGA1",1.10459037740393e-157,-0.263923431283091,0.075,0.155,3.69120966417072e-153
"WDR43",8.54511444782612e-157,-0.279178513148979,0.057,0.129,2.85552089503005e-152
"CFLAR",2.66242281385075e-153,0.51164311863592,0.519,0.474,8.89701831704504e-149
"NEDD9",4.50712273176292e-153,0.644233657206425,0.269,0.182,1.50614520327321e-148
"SMIM25",5.42272362328182e-151,0.646434801339994,0.21,0.125,1.81211155319209e-146
"AIMP1",8.19405898107984e-151,-0.255821250300846,0.077,0.156,2.73820868970745e-146
"SUCLG2",9.12944689154041e-151,-0.263886779202036,0.079,0.159,3.05078726774606e-146
"MDFIC",1.21674228866565e-150,-0.313915625184143,0.087,0.168,4.06598770603399e-146
"RAN",3.94861548570212e-150,-0.281139250157773,0.108,0.197,1.31950883685708e-145
"PYURF",4.74096643828437e-149,-0.260570103888221,0.109,0.198,1.58428875468149e-144
"NUMB",6.91342198386803e-149,0.594301251828239,0.395,0.327,2.31025822434918e-144
"AC011472.2",2.78326938293649e-148,0.608073146535586,0.137,0.063,9.30085129695888e-144
"PILRA",3.9733495248998e-148,0.679326893725209,0.285,0.205,1.32777421073577e-143
"CCND2",9.9321013929941e-148,-0.309420851024127,0.092,0.176,3.31901032249684e-143
"PPP3CC",3.45065427869896e-145,-0.27805884676902,0.066,0.139,1.15310514031283e-140
"MGAM",2.611431556361e-144,0.58606771109968,0.176,0.095,8.72662083189155e-140
"DAPK2",1.51354301314717e-143,0.587531931803776,0.108,0.042,5.05780668703388e-139
"SMAD3",1.73690740451936e-143,-0.258598699717781,0.047,0.111,5.80422347368234e-139
"PEBP1",2.4649467882511e-143,-0.302692333487756,0.131,0.224,8.23711268229869e-139
"MT-TL1",3.72948973070455e-143,0.584703865711245,0.266,0.183,1.24628358330954e-138
"STEAP4",1.61302001619769e-141,0.579013942063088,0.251,0.164,5.39022898812781e-137
"GNAI2",1.32022870351201e-140,0.328094872876345,0.702,0.702,4.4118082585261e-136
"CXCL1",5.38022012261618e-140,0.669831547759899,0.116,0.049,1.79790815837465e-135
"SLC38A1",1.69835501562105e-139,-0.313389116682081,0.131,0.222,5.67539295570086e-135
"HSPA1A",2.48878175537599e-139,0.578979285173396,0.288,0.204,8.31676199193993e-135
"MSRB1",2.52554967755704e-139,0.549322780192435,0.337,0.257,8.43962935749235e-135
"PCED1B-AS1",5.71872972971052e-139,-0.328489681222399,0.169,0.267,1.91102791377736e-134
"TGFBR3",3.25372004167323e-138,-0.315120365307511,0.052,0.117,1.08729562632594e-133
"GLO1",1.95379087691138e-137,-0.253093297037051,0.068,0.14,6.52898297337477e-133
"HAL",3.58422107570698e-137,0.546744451323697,0.103,0.04,1.197739156869e-132
"TALDO1",8.41606179278026e-137,0.5205389849072,0.453,0.401,2.81239536929338e-132
"DGAT2",3.20213358479725e-136,0.609422879775975,0.167,0.092,1.0700569800317e-131
"ABHD5",4.49605800005304e-136,0.676088053180993,0.187,0.111,1.50244770187773e-131
"IL1RAP",2.83991328040952e-133,0.663650820867913,0.168,0.093,9.4901382091445e-129
"RASGRP1",2.53767711240095e-132,-0.316746299899372,0.112,0.196,8.48015560651024e-128
"CD3D",1.31593093365192e-131,-0.331255293429049,0.123,0.208,4.39744640098463e-127
"CD14",3.1042709924497e-130,-0.350570588721797,0.287,0.393,1.03735423754692e-125
"FGFBP2",7.66234357253025e-130,-0.299156562060498,0.065,0.134,2.56052535163243e-125
"UBE2B",6.85397946588589e-129,0.584290829036545,0.295,0.22,2.29039431811509e-124
"TBXAS1",6.80335102464695e-128,0.65283996291816,0.316,0.245,2.27347581190627e-123
"ARHGDIB",1.29241079742001e-127,0.254518717174681,0.813,0.818,4.31884916173843e-123
"MAF",1.36371352248646e-127,-0.261162400805893,0.06,0.126,4.55712147809301e-123
"LRP10",3.24899290105585e-127,0.573506502385021,0.378,0.318,1.08571595774583e-122
"FMNL1",8.55335760828587e-127,0.428548789203069,0.557,0.528,2.85827551196089e-122
"CLNS1A",9.78910685624375e-127,-0.25350469760212,0.072,0.141,3.27122583815097e-122
"AMPD2",1.04045092404017e-126,0.590712368096067,0.138,0.07,3.47687485286503e-122
"MIDN",1.79108257824942e-126,0.595899636212822,0.395,0.343,5.98526065173608e-122
"RASSF3",1.98463395215673e-126,0.560310686453226,0.349,0.283,6.63205127792213e-122
"GZMB",2.05460497876103e-126,-0.354198421160752,0.06,0.126,6.86587345752573e-122
"AL365361.1",6.06932181440281e-126,-0.275929311233313,0.064,0.131,2.02818527071899e-121
"HSPA6",1.9908133636961e-125,0.574768353447849,0.149,0.079,6.65270101746327e-121
"LRMP",3.2272644780393e-125,0.601710958667058,0.21,0.134,1.07845497062639e-120
"C6orf48",4.60124625835009e-125,-0.254392758048499,0.168,0.265,1.53759846215285e-120
"NLRP1",2.52567744962193e-124,0.584758357144172,0.281,0.204,8.44005633340159e-120
"RORA",1.22589247147745e-123,-0.31452206713147,0.083,0.155,4.09656487193619e-119
"PSAP",7.99022207876927e-123,-0.486978456785724,0.691,0.754,2.67009251206233e-118
"ARHGAP26",1.03528876579333e-122,0.594049324394913,0.39,0.327,3.45962446865157e-118
"YPEL5",7.19319488784918e-121,0.547251621001302,0.399,0.348,2.40374993567256e-116
"SLC12A6",1.03278973584546e-120,0.626857744216335,0.274,0.202,3.45127346027479e-116
"TRIB1",5.07986783143105e-120,0.657716119523776,0.338,0.277,1.69753943322932e-115
"LRG1",6.11086440951935e-120,0.559621745741331,0.205,0.13,2.04206755972908e-115
"MBP",8.92859928668092e-120,0.469961823528872,0.44,0.384,2.98367002363016e-115
"AC022217.3",3.20728385698004e-119,0.539351655466008,0.113,0.052,1.07177804648702e-114
"RNF24",3.62990337725195e-119,0.608657602067336,0.259,0.187,1.21300481157628e-114
"CBLB",8.32817011085651e-119,-0.258369695466044,0.06,0.123,2.78302460594492e-114
"OPTN",3.11546066149945e-117,-0.265326076965295,0.069,0.134,1.04109348925327e-112
"RUBCNL",1.2937697699875e-116,0.513619283282565,0.106,0.047,4.32339044036722e-112
"NOP58",2.71861572806791e-116,-0.253905983396994,0.08,0.148,9.08479817848452e-112
"PTPN4",4.37938920152571e-116,-0.264155383597262,0.072,0.138,1.46346048947385e-111
"DENND3",2.05019225346973e-115,0.591581038875835,0.198,0.127,6.8511274534198e-111
"RHOH",1.34788885223297e-114,-0.259642752919412,0.088,0.159,4.5042401775069e-110
"MOB3A",4.09114218725187e-114,0.585363466381915,0.351,0.294,1.36713698471396e-109
"GAB2",1.71377116519839e-113,0.554485989054466,0.281,0.209,5.72690910274347e-109
"CLEC2D",3.55144399828702e-113,-0.261699766357049,0.122,0.203,1.18678604090757e-108
"BAZ2B",2.11487494756491e-112,0.642389879536661,0.271,0.203,7.06727761227765e-108
"NRGN",6.29001839172906e-112,-0.295578811917583,0.08,0.149,2.1019354459641e-107
"ATG16L2",1.01374306513214e-107,0.566839126924136,0.306,0.243,3.38762520075208e-103
"PCED1B",3.96634186164358e-107,-0.278748660868904,0.077,0.141,1.32543245990544e-102
"ARAP1",1.55154864897121e-106,0.619234593216789,0.199,0.133,5.18481012026708e-102
"USP10",5.28955485768901e-106,0.572005415606733,0.284,0.219,1.76761054679394e-101
"SLC44A2",1.14281638974852e-104,0.520927557403285,0.354,0.299,3.81894952962262e-100
"EGLN1",5.08637708255093e-104,0.514511075851191,0.167,0.101,1.69971462967604e-99
"ADGRE5",7.52604893351628e-104,0.511489454144328,0.434,0.393,2.51497977211314e-99
"AC245427.1",1.42361632224251e-103,-0.381378969231529,0.156,0.237,4.75729866403778e-99
"CREB5",2.81463742240359e-103,0.58157499103923,0.331,0.271,9.40567387444607e-99
"BCL6",3.04191366862387e-103,0.449910372772684,0.393,0.335,1.01651629064404e-98
"SSH2",5.70783050493305e-103,0.556995211073072,0.418,0.379,1.90738571983348e-98
"RASGRP4",5.83147927006383e-103,0.580658659154104,0.267,0.203,1.94870542767723e-98
"FCGRT",9.80857383382308e-103,0.558766357295042,0.271,0.209,3.27773111804866e-98
"CLEC7A",1.08119342899878e-102,0.441459157655478,0.452,0.406,3.61302408168522e-98
"HIST1H2AC",1.70630267894006e-102,0.474524967014834,0.201,0.131,5.701951662214e-98
"TMCC3",7.6809323640096e-102,0.498493111443238,0.117,0.059,2.56673716808109e-97
"C16orf54",9.08718469385351e-102,0.548238905838388,0.216,0.149,3.03666450914503e-97
"PTEN",1.02639521908926e-101,0.468051154331584,0.434,0.388,3.42990490363057e-97
"KLF12",2.16716798441143e-101,-0.265029804497112,0.078,0.141,7.24202525350767e-97
"DOK3",3.30977036416202e-101,0.522044907023336,0.37,0.317,1.10602596259202e-96
"SLC45A4",3.78777545811528e-100,0.490143978629725,0.101,0.047,1.26576092483838e-95
"CLEC4E",3.48313102050134e-99,0.519522210149697,0.302,0.239,1.16395789312093e-94
"PRKCH",3.75054762617925e-99,-0.275507460178914,0.144,0.223,1.25332050024032e-94
"IL13RA1",4.10962145853717e-99,0.532208592973775,0.159,0.097,1.37331220279937e-94
"HBB",1.69725423884522e-98,-0.969270579483967,0.445,0.554,5.67171448994908e-94
"FPR2",2.0678860952281e-97,0.635508615053048,0.187,0.126,6.91025496442375e-93
"GLT1D1",9.45468761238481e-96,0.603021296267153,0.261,0.202,3.15947295943063e-91
"BIRC3",9.70467055751727e-96,-0.255756651283512,0.094,0.16,3.24300976020555e-91
"PTPN6",3.74241520562443e-95,0.520049443550332,0.415,0.382,1.25060288926351e-90
"CYTH4",7.44089478221861e-95,0.574296080055025,0.262,0.201,2.48652380937399e-90
"ARHGAP15",2.9503235918387e-94,0.491094657549565,0.413,0.36,9.85909634684738e-90
"FKBP8",1.30887587520037e-92,0.516768987442161,0.336,0.284,4.37387051215708e-88
"SCLT1",1.55547635955626e-92,0.654083954532525,0.268,0.208,5.19793535072915e-88
"ATP6V0B",1.88232394869229e-91,0.539679714785533,0.372,0.332,6.29016193934504e-87
"LAPTM5",2.05516795846228e-91,0.286006414566535,0.67,0.67,6.8677547667934e-87
"TECPR2",1.40642982561677e-90,0.501158742032274,0.132,0.075,4.69986654826357e-86
"ARHGAP25",6.45278239820915e-90,0.520289249627495,0.306,0.249,2.15632629400955e-85
"LCK",6.52844852662666e-90,-0.254153363446869,0.107,0.173,2.18161164414283e-85
"ZFP36",1.66917082241532e-89,0.281944908466464,0.732,0.727,5.57786813726526e-85
"PYGL",4.09795013729452e-89,0.521341984443599,0.274,0.212,1.36941199737971e-84
"ITGAX",4.66212960780462e-89,0.445853050800432,0.379,0.327,1.55794385104007e-84
"ITK",5.09246391504879e-89,-0.269208815049443,0.118,0.187,1.70174866649185e-84
"PICALM",9.15108338819452e-87,0.494656896079632,0.416,0.383,3.05801753583296e-82
"IL7R",5.1722051220036e-85,-0.302224865084286,0.168,0.245,1.72839578561994e-80
"HBA2",7.24567666630748e-85,-0.733972651909121,0.396,0.488,2.42128777157997e-80
"RAF1",2.38485622483171e-84,0.567488200521847,0.263,0.208,7.96947404652012e-80
"DDX3X",3.79545661962337e-84,0.479271582580496,0.405,0.373,1.26832773857954e-79
"LAMTOR4",2.56866516886749e-82,0.527360220258647,0.334,0.29,8.5837083948045e-78
"PHC2",2.57283904175105e-81,0.572598685753673,0.277,0.228,8.59765622581947e-77
"ERGIC1",4.83825932899334e-81,0.536171451899135,0.281,0.229,1.61680111996971e-76
"PKN2",1.34464599547673e-80,0.507943853313691,0.174,0.117,4.49340352308458e-76
"HOOK2",2.41222126644821e-80,0.503369897741623,0.16,0.104,8.06091980608999e-76
"XKR8",2.44226185232594e-80,0.489239669077227,0.138,0.085,8.16130643191758e-76
"CDC42SE1",8.38180548588741e-78,0.31800987367463,0.607,0.622,2.800947939219e-73
"RAB11FIP1",1.19200191886852e-77,0.529314375281044,0.302,0.253,3.98331281228292e-73
"CFD",2.66100297377719e-76,0.521834840504766,0.152,0.099,8.89227363747122e-72
"PLEKHG3",2.63884414192073e-75,0.420192679872533,0.114,0.065,8.81822546905649e-71
"ACSL1",1.53976582892352e-74,0.462890139406291,0.355,0.311,5.14543547051371e-70
"NRBF2",2.13415384434367e-74,0.53210454656351,0.173,0.121,7.13170190164324e-70
"RFWD2",4.26186854062774e-74,0.591102554562699,0.238,0.186,1.42418861022157e-69
"FCGR3A",1.84579641269421e-72,0.3595463724906,0.276,0.217,6.16809787230026e-68
"C5AR2",7.14470109281403e-72,0.481476158960989,0.108,0.062,2.38754476418566e-67
"USP32",1.09629572825924e-71,0.536748545524071,0.164,0.112,3.6634914351239e-67
"ZCCHC6",1.10784264639197e-70,0.518123168426035,0.343,0.305,3.70207777144805e-66
"HIST2H2BE",1.12596113094388e-70,0.581723574314554,0.132,0.084,3.76262431127518e-66
"RARA",3.31637026470321e-70,0.535835621384729,0.254,0.206,1.10823145135587e-65
"AL034397.3",1.37050454377997e-69,0.570776749576157,0.209,0.158,4.57981503394951e-65
"CEP63",2.37855208382949e-69,0.520885467552208,0.165,0.115,7.948407498533e-65
"RASSF2",4.50462562313487e-69,0.498170119680528,0.306,0.264,1.50531074448298e-64
"STK40",1.0069126139443e-68,0.53679846154751,0.242,0.194,3.36479988201767e-64
"VSIR",1.20731090745024e-68,0.389022279243239,0.471,0.454,4.03447085942648e-64
"ADAM8",1.70763106242827e-68,0.451166195845991,0.363,0.328,5.70639072131655e-64
"WIPF1",6.66430884668007e-67,0.344906550587017,0.526,0.525,2.22701208729508e-62
"NAPA",1.33278394865796e-66,0.489244199637577,0.106,0.062,4.45376412123032e-62
"DHX34",2.9595763704647e-66,0.52049045011882,0.151,0.103,9.8900163571819e-62
"IQGAP1",3.33770118898127e-66,0.307514412105733,0.615,0.636,1.11535960632187e-61
"FBXL5",1.02491606994247e-64,0.430505613999624,0.405,0.38,3.42496203092674e-60
"PPP1R18",6.81458006423386e-64,0.358544202388231,0.546,0.559,2.27722822006503e-59
"LILRB3",1.6047458394028e-62,0.460067543666418,0.302,0.262,5.36257917153235e-58
"COTL1",2.54031253816147e-62,0.292588708768543,0.541,0.528,8.48896240877418e-58
"PECAM1",7.28276863535272e-62,0.49389057113286,0.323,0.288,2.43368279487582e-57
"SLC11A1",7.40310963633085e-62,0.48415586874014,0.347,0.315,2.47389714717268e-57
"ALPK1",1.95012272196201e-61,0.498415032334937,0.161,0.114,6.51672509998046e-57
"TMEM71",2.8120720172859e-61,0.501687296501549,0.204,0.158,9.39710106016428e-57
"CDA",7.05407208122608e-61,0.493712071840714,0.266,0.22,2.35725926738332e-56
"BTG1",1.16821322229374e-60,0.277991361653475,0.582,0.594,3.90381812493899e-56
"PBXIP1",1.26376052320989e-60,0.396280633021011,0.163,0.114,4.22310854041048e-56
"IKBIP",2.13382937108861e-60,0.421081447487515,0.105,0.063,7.13061760936682e-56
"PREX1",2.18544406153167e-60,0.437250598112544,0.413,0.4,7.30309842042038e-56
"TOPORS",5.65545811855673e-59,0.435253469348175,0.123,0.079,1.8898844394781e-54
"IGSF6",1.81266085900228e-57,0.384504534781936,0.395,0.366,6.05736879252792e-53
"MED25",3.33044405134445e-56,0.492206614134473,0.142,0.1,1.11293448863778e-51
"HSD17B11",4.56192561773288e-56,0.477197608060609,0.286,0.25,1.52445868367779e-51
"SRPK2",5.90076845822805e-56,0.452629204075863,0.209,0.162,1.97185979568607e-51
"MAST3",6.48864605279433e-56,0.435563792648571,0.152,0.107,2.16831085146228e-51
"SMIM27",4.66957684887509e-55,0.405362352417683,0.108,0.068,1.56043249558859e-50
"PTAFR",6.27621703907399e-55,0.490761451932662,0.323,0.293,2.09732344794735e-50
"APBB1IP",5.90650787530783e-54,0.368011375665778,0.451,0.442,1.97377773669162e-49
"TMCC1",1.0577784792165e-53,0.521033535407383,0.129,0.088,3.53477834399777e-49
"FRY",1.05853547505261e-53,0.434465933605744,0.107,0.068,3.53730799698331e-49
"RICTOR",1.27788345592147e-53,0.475709332371068,0.224,0.181,4.27030314465276e-49
"NUAK2",2.4568267413551e-53,0.431783054841971,0.12,0.08,8.20997792158635e-49
"PACSIN2",7.58253114932748e-53,0.471328169891222,0.174,0.131,2.53385443417076e-48
"ELOVL5",5.00379754229871e-52,0.452794897415168,0.249,0.209,1.67211902470996e-47
"IL6R",5.2955734472102e-52,0.47718813543566,0.29,0.256,1.76962177885423e-47
"NDEL1",7.16514749538896e-52,0.488586947011067,0.182,0.141,2.39437733853413e-47
"TLR1",9.77880792756219e-52,0.480339709440935,0.227,0.187,3.26778424515346e-47
"MID1IP1",5.75633231126261e-51,0.511262117759206,0.157,0.115,1.92359356845463e-46
"H3F3A",5.90454700724834e-51,0.43042634038782,0.157,0.115,1.97312247341218e-46
"RAB3D",1.00443245820171e-50,0.503239713547418,0.192,0.152,3.35651194557267e-46
"PLXNC1",4.28082015471296e-50,0.49101889720667,0.273,0.24,1.43052167110043e-45
"VAMP2",8.06811890535411e-50,0.294337946209717,0.481,0.471,2.69612329460218e-45
"LYST",1.30524266481199e-49,0.463978955477895,0.352,0.332,4.36172941300221e-45
"PLAUR",1.97924009827993e-49,0.428115183294232,0.374,0.344,6.61402663642203e-45
"MEGF9",7.67661881117421e-49,0.436591198672917,0.393,0.374,2.56529570813009e-44
"JMJD1C",2.23790558755055e-48,0.450037448277452,0.307,0.274,7.47840910191767e-44
"NABP1",1.58538510321144e-46,0.467227549345653,0.169,0.13,5.29788139940168e-42
"PGGHG",1.85135975566112e-46,0.363887157039149,0.114,0.076,6.18668889549276e-42
"SHKBP1",4.39975092957304e-46,0.49501930167226,0.345,0.332,1.47026476813542e-41
"NCOA1",6.68649541099588e-46,0.43829955087296,0.287,0.253,2.23442617149249e-41
"WBP2",7.39022711028609e-46,0.452195398688728,0.294,0.266,2.4695921934443e-41
"CD46",1.01052811605392e-45,0.425719892534015,0.281,0.248,3.37688180541739e-41
"PCBP1",5.5225183551585e-45,0.2807673280565,0.58,0.615,1.84545995874332e-40
"ELF2",1.0697639073465e-43,0.455404081450749,0.238,0.202,3.5748300491798e-39
"FAM53C",1.28175205905246e-43,0.433264906223958,0.139,0.102,4.2832308557356e-39
"IDS",1.43039682283513e-43,0.364783214186924,0.347,0.321,4.77995706286815e-39
"KPNB1",1.57634858401286e-43,0.377010729885992,0.37,0.349,5.26768406319576e-39
"SLC6A6",4.87465814283427e-43,0.479259908712123,0.249,0.219,1.62896451159093e-38
"UBN1",3.22455691101384e-42,0.447110017128898,0.214,0.179,1.07755018295349e-37
"PPP4R1",3.45211873693265e-42,0.46754481480039,0.188,0.153,1.15359451832078e-37
"UBC",1.68539122292317e-41,0.393786618092231,0.423,0.427,5.63207184964235e-37
"CELF2",2.18916419430633e-41,0.320875917448256,0.504,0.513,7.31552998811345e-37
"LIMD2",1.31113772353747e-40,0.300758001729103,0.51,0.519,4.38142893074517e-36
"CSRNP1",2.8108985236139e-40,0.499508251874643,0.197,0.165,9.39317959636056e-36
"AL691403.1",4.01713144589341e-40,0.474099003342025,0.156,0.12,1.3424048152742e-35
"MBD6",4.16114754528947e-40,0.438403209793184,0.171,0.136,1.39053067520938e-35
"FGD3",7.68937546836542e-40,0.402880953073578,0.224,0.19,2.56955860026367e-35
"ENTPD1",8.66590555226666e-40,0.500957057348339,0.186,0.151,2.89588565840095e-35
"SULF2",1.58246029570956e-38,0.385384651010363,0.133,0.098,5.28810757017265e-34
"PPP1R15A",3.19775615538541e-38,0.389355580899531,0.396,0.39,1.06859417444514e-33
"SIRPB1",3.95460478712581e-38,0.415475393721026,0.311,0.29,1.32151028171383e-33
"STK17B",4.91404889402319e-38,0.255454855705823,0.64,0.679,1.64212771891573e-33
"PDE4B",7.09630070998024e-38,0.470151445251142,0.191,0.157,2.3713708082541e-33
"LY96",1.29290440073032e-37,0.45272779867493,0.225,0.194,4.3204986359205e-33
"RGS18",4.6105475013255e-37,0.405889857638838,0.202,0.168,1.54070665851794e-32
"KATNBL1",7.28891566889299e-37,0.424825554611714,0.103,0.071,2.43573694907397e-32
"FLOT2",9.93588034240994e-37,0.404913728252531,0.367,0.358,3.32027313402313e-32
"PDE3B",1.09567199656854e-36,0.32489546823431,0.193,0.153,3.66140711093309e-32
"MYLIP",1.24392550949242e-36,0.409486869805885,0.216,0.182,4.15682587507083e-32
"PADI4",1.30239930816037e-36,0.349739888178323,0.189,0.151,4.35222776807952e-32
"RSRP1",3.70370225242054e-36,0.334551176189732,0.229,0.193,1.23766618169137e-31
"PAK1",1.31952573772261e-35,0.487383404263268,0.223,0.196,4.40945915774763e-31
"APOBR",1.47370880364115e-35,0.433649658998812,0.192,0.16,4.92469270912763e-31
"EFHD2",1.84409799331246e-35,0.293244397754331,0.53,0.556,6.16242226425225e-31
"TDP2",2.29179593790631e-35,0.364703324995027,0.129,0.096,7.6584944857015e-31
"MKNK2",3.98863923595773e-35,0.422770039050532,0.362,0.357,1.33288357347999e-30
"SEMA4D",6.92750865932285e-35,0.377805329327083,0.292,0.268,2.31496556868592e-30
"CDKN2D",1.14805910953435e-34,0.350562512196025,0.411,0.411,3.83646912633093e-30
"PXN",4.92548124431803e-34,0.375326022869098,0.395,0.398,1.64594806741376e-29
"ADGRE2",7.18945218172518e-34,0.511701099465665,0.204,0.174,2.4024992355671e-29
"NDE1",1.60775767688885e-33,0.356288761569251,0.107,0.077,5.37264382885946e-29
"CHST11",5.64451904576095e-33,0.439028192817483,0.201,0.169,1.88622892952194e-28
"OSER1",1.58309851759778e-32,0.350535464555815,0.122,0.092,5.29024031625652e-28
"CAMK2G",2.88966839901968e-32,0.343771286410822,0.111,0.081,9.65640488900406e-28
"AC008105.3",1.2731315308836e-31,0.281931119464038,0.113,0.082,4.25442363675371e-27
"CASC3",1.64095277230643e-31,0.363560929555737,0.142,0.111,5.48357187921639e-27
"IRS2",2.92347665642651e-31,0.481768665096082,0.342,0.335,9.76938194278048e-27
"SKAP2",2.60733828024934e-29,0.427395950470049,0.315,0.305,8.71294233110923e-25
"PIK3CD",4.4498376354199e-29,0.418608305329507,0.284,0.269,1.48700224262827e-24
"UBR2",6.94271786205298e-29,0.391531105162801,0.2,0.173,2.32004802796225e-24
"ZNF394",3.59637574810069e-28,0.367689190597534,0.168,0.139,1.20180088374281e-23
"ZFAS1",6.77309376878958e-28,0.286384780693611,0.406,0.404,2.26336474471641e-23
"NHSL2",9.96860224835506e-28,0.367110060312708,0.138,0.11,3.33120781333281e-23
"ALOX5",1.39134516176153e-27,0.410189476238541,0.283,0.266,4.6494581270585e-23
"ARPC4",1.90014493895293e-27,0.353675274377219,0.373,0.375,6.34971434249901e-23
"C16orf72",8.69082423422518e-27,0.362615423408201,0.151,0.123,2.90421273435103e-22
"CCNL1",1.79810543769403e-26,0.354910605794156,0.391,0.398,6.00872894114215e-22
"RALB",6.01355344238103e-26,0.379878115967766,0.212,0.187,2.00954915384047e-21
"S100A12",1.3763887500161e-25,-0.412368701290562,0.326,0.367,4.59947828592879e-21
"AGO4",1.76856722015787e-25,0.425200254010752,0.218,0.196,5.91002107960156e-21
"CEBPD",3.39590954257529e-25,0.352033549567565,0.377,0.368,1.13481109184238e-20
"IQSEC1",5.51205373384727e-25,0.401546131325372,0.225,0.204,1.84196299623974e-20
"TSC22D3",7.99142708801989e-25,0.358981681300553,0.455,0.475,2.67049519000361e-20
"FAM126B",5.29273893703586e-24,0.399705579385397,0.159,0.134,1.76867457058927e-19
"TNFRSF1A",8.04585638711885e-24,0.437389556831779,0.192,0.172,2.68868382888351e-19
"RNF19B",1.04511690395196e-23,0.410622706454826,0.243,0.225,3.49246715793626e-19
"RNF130",1.07917128595079e-23,0.348944419146684,0.368,0.373,3.60626668626175e-19
"RNASET2",1.92329740653872e-23,0.340493386317459,0.405,0.414,6.42708294343046e-19
"NOTCH1",1.94349535381387e-23,0.357761383063081,0.112,0.088,6.4945784238398e-19
"STAT6",4.23386612002267e-23,0.369532948354378,0.311,0.305,1.41483104132797e-18
"UBE2R2",1.0413398454678e-22,0.320742041389251,0.431,0.448,3.47984536159975e-18
"CIR1",7.91750288987434e-22,0.396210049015602,0.238,0.221,2.64579194070931e-17
"C14orf159",8.78582151493418e-22,0.355911329158409,0.119,0.095,2.93595797564555e-17
"CREB1",1.17581051750745e-21,0.353930871503531,0.192,0.169,3.92920600635465e-17
"ANXA11",1.44816823741709e-21,0.352960981318296,0.354,0.359,4.83934379897669e-17
"TRANK1",2.04384810040518e-21,0.352747618279196,0.143,0.119,6.82992719712399e-17
"HOTAIRM1",2.16331346768459e-21,0.330628506677458,0.101,0.078,7.22914461496158e-17
"CASP4",3.24759068379667e-21,0.359287955386973,0.365,0.369,1.08524737880433e-16
"ACAP2",3.52500654738716e-21,0.369592374341153,0.303,0.293,1.17795143794037e-16
"RBM47",7.68195170710509e-21,0.43102090337844,0.265,0.254,2.56707780196331e-16
"PACS1",8.53541185541531e-21,0.338071521877728,0.262,0.245,2.85227857972413e-16
"NFE2",6.79844873224084e-20,0.398676817473117,0.154,0.134,2.27183761285292e-15
"RAB7A",1.32973330580864e-19,0.257020185997372,0.511,0.551,4.44356978802074e-15
"CYB5R4",1.490858398238e-19,0.392426014852514,0.163,0.143,4.98200150939191e-15
"AL049634.2",3.50247683554509e-19,0.351732528304961,0.104,0.083,1.1704226841341e-14
"CDK19",3.08418809582746e-18,0.34916497230026,0.121,0.1,1.03064313598266e-13
"UBE2D1",4.93984578708814e-18,0.403332670723254,0.235,0.224,1.65074826667124e-13
"LAMP2",1.04092587257143e-17,0.431966396667044,0.289,0.291,3.47846198837194e-13
"PPM1F",1.23763379355044e-17,0.319562112090125,0.104,0.084,4.13580084790752e-13
"STAT3",5.89009701562334e-17,0.354778086072741,0.326,0.331,1.96829371971085e-12
"CTBS",6.17310255475642e-17,0.366479996755778,0.164,0.146,2.06286568072295e-12
"OSBPL8",7.96241459961819e-17,0.345623208449678,0.365,0.374,2.66080008675441e-12
"KDM4B",1.46433549047802e-16,0.31044160832755,0.115,0.095,4.8933699085304e-12
"LCP2",2.15686385059212e-16,0.28659047166218,0.345,0.345,7.2075919295237e-12
"ADM",3.67917210367565e-16,0.448924859878318,0.195,0.179,1.22946894188529e-11
"AHCTF1",5.71032130692274e-16,0.266029155589902,0.103,0.083,1.90821807113437e-11
"EPS15L1",7.75282641157505e-16,0.298496079215856,0.114,0.095,2.59076200195603e-11
"HSDL2",1.12665331836428e-15,0.357517131965193,0.129,0.11,3.76493739397792e-11
"SPAG9",1.642070523897e-15,0.326568452725762,0.131,0.112,5.48730706970661e-11
"ACOX1",1.93444798124741e-15,0.337000304341661,0.102,0.084,6.46434481893448e-11
"IL17RA",4.93144904898747e-15,0.30784815355553,0.393,0.408,1.64794232870014e-10
"TLE3",7.7484579963697e-15,0.407261579563433,0.242,0.237,2.58930220864686e-10
"GAPT",9.07131790075807e-15,0.265620154331986,0.125,0.106,3.03136230289632e-10
"PITPNA",1.09207620146894e-14,0.327914123294669,0.168,0.15,3.64939104244875e-10
"PHF12",1.73585274708576e-14,0.302643649893322,0.187,0.171,5.80069912493647e-10
"LAT2",1.77974894383761e-14,0.371997835226238,0.187,0.174,5.94738704562213e-10
"C15orf39",2.34138169327433e-14,0.362583098738456,0.158,0.142,7.82419520441481e-10
"NINJ1",3.8190193201334e-14,0.384625604174821,0.233,0.226,1.27620168620898e-09
"ASAH1",4.22994075529208e-14,0.312838572746624,0.367,0.382,1.41351930219595e-09
"DOCK8",5.5142936480881e-14,0.326976877479469,0.425,0.455,1.8427115083816e-09
"SH2D3C",1.63444361993715e-13,0.324309667076147,0.146,0.13,5.46182024474397e-09
"MGEA5",4.84060516001446e-13,0.301133781907394,0.296,0.295,1.61758502632203e-08
"RPS6KA1",6.78430632089828e-13,0.343732645675402,0.174,0.161,2.26711164325458e-08
"ZNF467",7.24167098831682e-13,0.318408347210366,0.119,0.103,2.41994919416583e-08
"GBP2",1.08422847917442e-12,0.275578374775401,0.39,0.399,3.62316630885718e-08
"DEDD2",1.36926799578238e-12,0.304789791084031,0.282,0.281,4.57568286150598e-08
"ADAMTSL4-AS1",1.56391341228015e-12,0.373403053295344,0.169,0.155,5.22612944981657e-08
"ICAM1",2.13622199330399e-12,0.323714009158052,0.119,0.103,7.13861303502395e-08
"PRKD2",2.71241696393147e-12,0.31458750189612,0.14,0.124,9.06408376836979e-08
"TBL1X",4.52284987073971e-12,0.380010637589924,0.217,0.209,1.51140074130509e-07
"HSH2D",6.51772897088203e-12,0.372619626984041,0.166,0.154,2.17802949019965e-07
"CYSTM1",7.08006240860904e-12,0.323792982497915,0.201,0.189,2.36594445508488e-07
"CREBRF",7.22613025431078e-12,0.319557115148413,0.245,0.237,2.41475594708303e-07
"PRKAR1A",9.43993563324943e-12,0.359301589643713,0.315,0.328,3.15454329056296e-07
"RBM23",1.43366337979179e-11,0.363415308484439,0.236,0.233,4.79087291625022e-07
"ABHD3",2.12954495099188e-11,0.361587184495143,0.144,0.13,7.11630036272957e-07
"ANKRD13A",2.60439306923326e-11,0.309556873458795,0.193,0.182,8.70310031945677e-07
"CNPY3",5.55282704909385e-11,0.341225403881699,0.228,0.223,1.85558821499569e-06
"ZBTB18",8.33312536374417e-11,0.259483269482237,0.103,0.088,2.78468050280239e-06
"ATP6V1B2",1.04328124339348e-10,0.341644560537417,0.32,0.333,3.486332931048e-06
"CASP8",2.03078423661308e-10,0.318337975901646,0.274,0.276,6.78627168348992e-06
"NFAM1",2.25320975986849e-10,0.385631350649132,0.184,0.177,7.52955105455253e-06
"TSC22D4",3.41956025068135e-10,0.311573108557693,0.29,0.296,1.14271444897019e-05
"PRKDC",5.82964910521276e-10,0.291196462446056,0.129,0.115,1.94809384148895e-05
"RALBP1",8.43509231202523e-10,0.360982834597731,0.179,0.171,2.81875479790947e-05
"GABARAPL1",1.1634661076334e-09,0.333978849345256,0.15,0.14,3.88795469187853e-05
"QPCT",1.75440120945172e-09,0.352707230751648,0.168,0.159,5.86268252162483e-05
"NUP214",2.35146781055086e-09,0.3289571813201,0.163,0.154,7.85789998251781e-05
"IFIT2",2.55066996581785e-09,0.343415223108726,0.203,0.193,8.52357382477352e-05
"CALCOCO1",2.93160811166542e-09,0.295468323385022,0.141,0.129,9.79655482675234e-05
"PHACTR1",3.11096453404265e-09,0.288130765628858,0.141,0.127,0.000103959101834103
"PTPRE",3.43611705388371e-09,0.323878728955274,0.338,0.358,0.000114824723589632
"CHST15",6.04356739837648e-09,0.362977437913148,0.22,0.22,0.000201957891751547
"STAT5B",6.22819204193055e-09,0.279534305282583,0.302,0.308,0.000208127493465193
"UBXN2B",6.43416950888066e-09,0.29286550981839,0.116,0.104,0.000215010642478265
"LBR",7.39162314259661e-09,0.342942112153087,0.302,0.315,0.000247005870556151
"SVIL",9.12595225809114e-09,0.330938144064383,0.144,0.133,0.000304961946608632
"FLOT1",1.09093837965521e-08,0.338608663118081,0.257,0.261,0.000364558878329382
"SNRK",1.09880925069378e-08,0.260188444297117,0.165,0.154,0.000367189087304339
"CARD8",1.69089392164102e-08,0.281395502456792,0.201,0.194,0.000565046021794779
"STXBP5",1.84454966555546e-08,0.30300116652543,0.133,0.121,0.000616393161738667
"MEFV",2.59612382629864e-08,0.348435512889078,0.123,0.113,0.000867546699034217
"LRRC25",2.60722951761242e-08,0.32490392098863,0.236,0.236,0.000871257887900542
"FAM8A1",3.11516928907303e-08,0.27566232572285,0.121,0.11,0.00104099612132953
"WWC3",3.49602826112598e-08,0.279496295812302,0.109,0.097,0.00116826776402047
"CREBBP",3.49699974872425e-08,0.292250899166236,0.256,0.258,0.00116859240603118
"NT5C2",3.53360732103576e-08,0.357690417489935,0.247,0.252,0.00118082555847052
"TUBA4A",6.81540382850682e-08,0.28400516779301,0.153,0.144,0.00227750349737213
"MAP2K4",1.2214059114366e-07,0.273112789899325,0.105,0.094,0.00408157213424769
"JPT1",1.4324947495586e-07,0.317978068612145,0.182,0.177,0.00478696770459998
"SIPA1L1",1.87219883260412e-07,0.31143694361575,0.196,0.19,0.0062563268389132
"SNAP23",2.04900168622664e-07,0.289752224810982,0.169,0.162,0.00684714893486357
"PCF11",3.00936997824157e-07,0.290625882383163,0.212,0.209,0.0100564116562899
"PHF21A",3.049880290715e-07,0.343601017263715,0.237,0.24,0.0101917849674823
"CACUL1",7.07644258943438e-07,0.321611823840566,0.147,0.14,0.0236473482011129
"WDFY3",1.12254329008208e-06,0.32356720934459,0.137,0.13,0.0375120291246729
"CD55",1.12721933200539e-06,0.272650586378996,0.41,0.444,0.0376682884176243
"FBXO33",1.31082691100078e-06,0.289727074941016,0.124,0.115,0.0438039028849131
"DENND5A",2.18577168026648e-06,0.322354602641448,0.227,0.23,0.0730419322394649
"LASP1",2.38607207957822e-06,0.314756678209262,0.343,0.372,0.0797353706832655
"YIPF3",3.19018629059378e-06,0.323679579915267,0.172,0.168,0.106606455272772
"ST8SIA4",3.90491962111306e-06,0.3576749490266,0.211,0.213,0.130490698978735
"CKLF",3.91506224286274e-06,0.283397872426776,0.126,0.119,0.130829634969744
"BID",4.53915220318415e-06,0.321799363175302,0.143,0.137,0.151684849173805
"C9orf72",5.75320641921366e-06,0.326324047887179,0.247,0.254,0.192254898910863
"MTRNR2L12",6.99283652543429e-06,0.283702352608519,0.123,0.116,0.233679618170438
"GDI1",9.07325282363689e-06,0.274416073932063,0.238,0.24,0.303200889607474
"IMPA2",1.03318034297745e-05,0.253355676523077,0.139,0.166,0.345257875212774
"USP4",1.34051548632353e-05,0.303084963188278,0.158,0.153,0.447960060064733
"CPD",1.59117041942585e-05,0.342840898329689,0.187,0.188,0.531721419059536
"ULK1",2.30230509600645e-05,0.311736214405125,0.135,0.13,0.769361293932477
"PRR13",2.38003373551584e-05,0.263399814272281,0.351,0.379,0.795335873397329
"SOS2",2.75711433597625e-05,0.287906572164794,0.188,0.185,0.921344897653183
"SELPLG",3.02741725518283e-05,0.266115420200295,0.325,0.345,1
"CLEC2B",4.07770447518588e-05,0.296529346339861,0.27,0.279,1
"TET2",4.34588866182567e-05,0.320661305366724,0.223,0.227,1
"GABARAPL2",5.21647461470918e-05,0.258798329763284,0.201,0.201,1
"MARK2",7.96916803773309e-05,0.33081360307321,0.232,0.24,1
"CMTM6",8.17427014521532e-05,0.263651913409864,0.43,0.483,1
"LILRA2",0.000103304383424877,0.342311998074736,0.156,0.155,1
"SBNO2",0.000106808945299981,0.341852492683245,0.162,0.162,1
"MAP4K4",0.000115884062314496,0.254673619312491,0.296,0.31,1
"EHBP1L1",0.000119748364774377,0.321616767491242,0.18,0.18,1
"MOSPD2",0.00013958495023333,0.255959781459204,0.103,0.096,1
"FRAT1",0.000276444119899761,0.319737119133247,0.122,0.119,1
"CRISPLD2",0.000283418811845909,0.32529126059742,0.17,0.171,1
"TMEM164",0.000319154028719073,0.332604094642376,0.121,0.116,1
"ANKRD44",0.000454678157896684,0.25981014487958,0.289,0.303,1
"RAPGEF2",0.000537511188792068,0.311938422626404,0.116,0.112,1
"TBC1D14",0.000649697522368661,0.272149719864678,0.136,0.132,1
"HRH2",0.000708063024908663,0.279311282639483,0.156,0.183,1
"TLR8",0.000864919409538982,0.303472515993505,0.141,0.139,1
"NFKBIA",0.000917448097508097,0.35776689756171,0.465,0.51,1
"ITPK1",0.00098099314220845,0.317228779193839,0.121,0.119,1
"NADK",0.00105391305848609,0.328451131123791,0.171,0.174,1
"GK",0.00153716421779474,0.264249939691357,0.119,0.116,1
"MORF4L2",0.00185091307781789,0.288134554159272,0.143,0.142,1
"RAB31",0.00185814149774858,0.271582548805877,0.331,0.356,1
"CCNDBP1",0.00198401793272675,0.278530997136821,0.188,0.192,1
"NSFL1C",0.00260891968271409,0.276507529543817,0.13,0.128,1
"BCL3",0.00378870534601435,0.347421885946332,0.2,0.211,1
"SIRPA",0.00458023511577301,0.255154376655806,0.206,0.24,1
"PPP3CA",0.00524925249659198,0.284589662570623,0.259,0.274,1
"SUSD6",0.00621702689213296,0.297213986577696,0.186,0.192,1
"RILPL2",0.00635373716915848,0.270335034145348,0.246,0.286,1
"NPL",0.00842618835674281,0.307194420232116,0.162,0.165,1
"PTPRJ",0.0125405954894009,0.31565322739501,0.282,0.307,1
"TOM1",0.0132244422807559,0.311478136900717,0.166,0.171,1
"KIF13A",0.013442210652558,0.29890501189488,0.118,0.117,1
"RGS19",0.0170183392784677,0.267280459955477,0.262,0.282,1
"SLC43A2",0.0188578299163554,0.295370206604961,0.169,0.175,1
"SLC15A4",0.0189293695635746,0.287319452302327,0.15,0.153,1
"KIAA0232",0.0215970385201089,0.252347188474436,0.121,0.12,1
"RTFDC1",0.0227789882221572,0.282989609512675,0.21,0.221,1
"FGL2",0.0298890243634812,0.26907216622454,0.275,0.299,1
"MAP3K3",0.0336406556774008,0.265251063287579,0.198,0.207,1
"TMX4",0.0373242445434599,0.255113756523886,0.234,0.246,1
"FOXO3",0.0486083031861378,0.284615000163385,0.183,0.191,1
"RNF13",0.0609375247993549,0.274273146606377,0.202,0.212,1
"RAP1A",0.0634387760119493,0.252729764364486,0.316,0.348,1
"MLF2",0.0766161587749314,0.292126181530273,0.278,0.306,1
"HIPK3",0.0775273853392629,0.287743194195273,0.215,0.228,1
"SLC2A3",0.0977721475592031,0.287916671381162,0.401,0.452,1
"SNX10",0.118374285797477,0.276474571462661,0.277,0.303,1
"AGTPBP1",0.121101593478642,0.263970050874461,0.223,0.238,1
"NOP10",0.131252527407176,0.292003283982285,0.303,0.337,1
"BAZ1A",0.131788188570332,0.266630806959341,0.316,0.347,1
"ARID4A",0.134167130068901,0.276987133510449,0.18,0.188,1
"IFNGR1",0.158115091118944,0.262927420514625,0.216,0.245,1
"ASAP1",0.176413894737158,0.273690717642079,0.288,0.315,1
"MCTP2",0.178955401008868,0.281615911659231,0.186,0.198,1
"ABHD2",0.215198265101456,0.300562333146564,0.212,0.229,1
"ITPRIP",0.224546996418782,0.270098178962646,0.152,0.159,1
"CWC25",0.267718539480858,0.256123018370442,0.146,0.152,1
"RNF141",0.300450026878341,0.250339147781815,0.137,0.142,1
"IRF2",0.328808423176853,0.259617899062784,0.199,0.212,1
"SLC8A1",0.330742382674795,0.31849364149144,0.131,0.135,1
"ECE1",0.35507023661297,0.269990588377418,0.153,0.161,1
"CFP",0.524156976047721,0.251724137141625,0.177,0.195,1
"HNRNPH2",0.614507494759872,0.251171986159368,0.166,0.181,1
"HIP1",0.675901833540082,0.269521992875613,0.109,0.118,1
"PHF20L1",0.688298217354034,0.258309142981179,0.195,0.21,1
"ATP6V1A",0.71158536609588,0.313113384884141,0.202,0.221,1
"SPOPL",0.716077322275775,0.252658102890895,0.132,0.138,1
"NRDC",0.79286994580345,0.275280574195827,0.218,0.243,1
"CR1",0.850202338328605,0.278878182880849,0.193,0.212,1
"GNAQ",0.865889640692352,0.288893291126344,0.253,0.281,1
"SECTM1",0.877079197301333,0.269999039045929,0.203,0.221,1
"PSEN1",0.91177719292584,0.250538733927242,0.16,0.171,1
"GNAI3",0.978012722632331,0.271254891482465,0.255,0.285,1
"RXRA",0.979547817025828,0.264047127991291,0.251,0.279,1
